Name,Type
John,P
William,P
James,P
Charles,P
George,P
Frank,P
Joseph,P
Thomas,P
Henry,P
Robert,P
Edward,P
Harry,P
Walter,P
Arthur,P
Fred,P
Albert,P
Samuel,P
David,P
Louis,P
Joe,P
Charlie,P
Clarence,P
Richard,P
Andrew,P
Daniel,P
Ernest,P
Will,P
Jesse,P
Oscar,P
Lewis,P
Peter,P
Benjamin,P
Frederick,P
Willie,P
Alfred,P
Sam,P
Roy,P
Herbert,P
Jacob,P
Tom,P
Elmer,P
Carl,P
Lee,P
Howard,P
Martin,P
Michael,P
Bert,P
Herman,P
Jim,P
Francis,P
Harvey,P
Earl,P
Eugene,P
Ralph,P
Ed,P
Claude,P
Edwin,P
Ben,P
Charley,P
Paul,P
Edgar,P
Isaac,P
Otto,P
Luther,P
Lawrence,P
Ira,P
Patrick,P
Guy,P
Oliver,P
Theodore,P
Hugh,P
Clyde,P
Alexander,P
August,P
Floyd,P
Homer,P
Jack,P
Leonard,P
Horace,P
Marion,P
Philip,P
Allen,P
Archie,P
Stephen,P
Chester,P
Willis,P
Raymond,P
Rufus,P
Warren,P
Jessie,P
Milton,P
Alex,P
Leo,P
Julius,P
Ray,P
Sidney,P
Bernard,P
Dan,P
Jerry,P
Calvin,P
Perry,P
Dave,P
Anthony,P
Eddie,P
Amos,P
Dennis,P
Clifford,P
Leroy,P
Wesley,P
Alonzo,P
Garfield,P
Franklin,P
Emil,P
Leon,P
Nathan,P
Harold,P
Matthew,P
Levi,P
Moses,P
Everett,P
Lester,P
Winfield,P
Adam,P
Lloyd,P
Mack,P
Fredrick,P
Jay,P
Jess,P
Melvin,P
Noah,P
Aaron,P
Alvin,P
Norman,P
Gilbert,P
Elijah,P
Victor,P
Gus,P
Nelson,P
Jasper,P
Silas,P
Christopher,P
Jake,P
Mike,P
Percy,P
Adolph,P
Maurice,P
Cornelius,P
Felix,P
Reuben,P
Wallace,P
Claud,P
Roscoe,P
Sylvester,P
Earnest,P
Hiram,P
Otis,P
Simon,P
Willard,P
Irvin,P
Mark,P
Jose,P
Wilbur,P
Abraham,P
Virgil,P
Clinton,P
Elbert,P
Leslie,P
Marshall,P
Owen,P
Wiley,P
Anton,P
Morris,P
Manuel,P
Phillip,P
Augustus,P
Emmett,P
Eli,P
Nicholas,P
Wilson,P
Alva,P
Harley,P
Newton,P
Timothy,P
Marvin,P
Ross,P
Curtis,P
Edmund,P
Jeff,P
Elias,P
Harrison,P
Stanley,P
Columbus,P
Lon,P
Ora,P
Ollie,P
Russell,P
Pearl,P
Solomon,P
Arch,P
Asa,P
Clayton,P
Enoch,P
Irving,P
Mathew,P
Nathaniel,P
Scott,P
Hubert,P
Lemuel,P
Andy,P
Ellis,P
Emanuel,P
Joshua,P
Millard,P
Vernon,P
Wade,P
Cyrus,P
Miles,P
Rudolph,P
Sherman,P
Austin,P
Bill,P
Chas,P
Lonnie,P
Monroe,P
Byron,P
Edd,P
Emery,P
Grant,P
Jerome,P
Max,P
Mose,P
Steve,P
Gordon,P
Abe,P
Pete,P
Chris,P
Clark,P
Gustave,P
Orville,P
Lorenzo,P
Bruce,P
Marcus,P
Preston,P
Bob,P
Dock,P
Donald,P
Jackson,P
Cecil,P
Barney,P
Delbert,P
Edmond,P
Anderson,P
Christian,P
Glenn,P
Jefferson,P
Luke,P
Neal,P
Burt,P
Ike,P
Myron,P
Tony,P
Conrad,P
Joel,P
Matt,P
Riley,P
Vincent,P
Emory,P
Isaiah,P
Nick,P
Ezra,P
Green,P
Juan,P
Clifton,P
Lucius,P
Porter,P
Arnold,P
Bud,P
Jeremiah,P
Taylor,P
Forrest,P
Roland,P
Spencer,P
Burton,P
Don,P
Emmet,P
Gustav,P
Louie,P
Morgan,P
Ned,P
Van,P
Ambrose,P
Chauncey,P
Elisha,P
Ferdinand,P
General,P
Julian,P
Kenneth,P
Mitchell,P
Allie,P
Josh,P
Judson,P
Lyman,P
Napoleon,P
Pedro,P
Berry,P
Dewitt,P
Ervin,P
Forest,P
Lynn,P
Pink,P
Ruben,P
Sanford,P
Ward,P
Douglas,P
Ole,P
Omer,P
Ulysses,P
Walker,P
Wilbert,P
Adelbert,P
Benjiman,P
Ivan,P
Jonas,P
Major,P
Abner,P
Archibald,P
Caleb,P
Clint,P
Dudley,P
Granville,P
King,P
Mary,P
Merton,P
Antonio,P
Bennie,P
Carroll,P
Freeman,P
Josiah,P
Milo,P
Royal,P
Dick,P
Earle,P
Elza,P
Emerson,P
Fletcher,P
Judge,P
Laurence,P
Neil,P
Roger,P
Seth,P
Glen,P
Hugo,P
Jimmie,P
Johnnie,P
Washington,P
Elwood,P
Gust,P
Harmon,P
Jordan,P
Simeon,P
Wayne,P
Wilber,P
Clem,P
Evan,P
Frederic,P
Irwin,P
Junius,P
Lafayette,P
Loren,P
Madison,P
Mason,P
Orval,P
Abram,P
Aubrey,P
Elliott,P
Hans,P
Karl,P
Minor,P
Wash,P
Wilfred,P
Allan,P
Alphonse,P
Dallas,P
Dee,P
Isiah,P
Jason,P
Johnny,P
Lawson,P
Lew,P
Micheal,P
Orin,P
Addison,P
Cal,P
Erastus,P
Francisco,P
Hardy,P
Lucien,P
Randolph,P
Stewart,P
Vern,P
Wilmer,P
Zack,P
Adrian,P
Alvah,P
Bertram,P
Clay,P
Ephraim,P
Fritz,P
Giles,P
Grover,P
Harris,P
Isom,P
Jesus,P
Johnie,P
Jonathan,P
Lucian,P
Malcolm,P
Merritt,P
Otho,P
Perley,P
Rolla,P
Sandy,P
Tomas,P
Wilford,P
Adolphus,P
Angus,P
Arther,P
Carlos,P
Cary,P
Cassius,P
Davis,P
Hamilton,P
Harve,P
Israel,P
Leander,P
Melville,P
Merle,P
Murray,P
Pleasant,P
Sterling,P
Steven,P
Axel,P
Boyd,P
Bryant,P
Clement,P
Erwin,P
Ezekiel,P
Foster,P
Frances,P
Geo,P
Houston,P
Issac,P
Jules,P
Larkin,P
Mat,P
Morton,P
Orlando,P
Pierce,P
Prince,P
Rollie,P
Rollin,P
Sim,P
Stuart,P
Wilburn,P
Bennett,P
Casper,P
Christ,P
Dell,P
Egbert,P
Elmo,P
Fay,P
Gabriel,P
Hector,P
Horatio,P
Lige,P
Saul,P
Smith,P
Squire,P
Tobe,P
Tommie,P
Wyatt,P
Alford,P
Alma,P
Alton,P
Andres,P
Burl,P
Cicero,P
Dean,P
Dorsey,P
Enos,P
Howell,P
Lou,P
Loyd,P
Mahlon,P
Nat,P
Omar,P
Oran,P
Parker,P
Raleigh,P
Reginald,P
Rubin,P
Seymour,P
Wm,P
Young,P
Benjamine,P
Carey,P
Carlton,P
Eldridge,P
Elzie,P
Garrett,P
Isham,P
Johnson,P
Larry,P
Logan,P
Merrill,P
Mont,P
Oren,P
Pierre,P
Rex,P
Rodney,P
Ted,P
Webster,P
West,P
Wheeler,P
Willam,P
Al,P
Aloysius,P
Alvie,P
Anna,P
Art,P
Augustine,P
Bailey,P
Benjaman,P
Beverly,P
Bishop,P
Clair,P
Cloyd,P
Coleman,P
Dana,P
Duncan,P
Dwight,P
Emile,P
Evert,P
Henderson,P
Hunter,P
Jean,P
Lem,P
Luis,P
Mathias,P
Maynard,P
Miguel,P
Mortimer,P
Nels,P
Norris,P
Pat,P
Phil,P
Rush,P
Santiago,P
Sol,P
Sydney,P
Thaddeus,P
Thornton,P
Tim,P
Travis,P
Truman,P
Watson,P
Webb,P
Wellington,P
Winfred,P
Wylie,P
Alec,P
Basil,P
Baxter,P
Bertrand,P
Buford,P
Burr,P
Cleveland,P
Colonel,P
Dempsey,P
Early,P
Ellsworth,P
Fate,P
Finley,P
Gabe,P
Garland,P
Gerald,P
Herschel,P
Hezekiah,P
Justus,P
Lindsey,P
Marcellus,P
Olaf,P
Olin,P
Pablo,P
Rolland,P
Turner,P
Verne,P
Volney,P
Williams,P
Almon,P
Alois,P
Alonza,P
Anson,P
Authur,P
Benton,P
Billie,P
Cornelious,P
Darius,P
Denis,P
Dillard,P
Doctor,P
Elvin,P
Emma,P
Eric,P
Evans,P
Gideon,P
Haywood,P
Hilliard,P
Hosea,P
Lincoln,P
Lonzo,P
Lucious,P
Lum,P
Malachi,P
Newt,P
Noel,P
Orie,P
Palmer,P
Pinkney,P
Shirley,P
Sumner,P
Terry,P
Urban,P
Uriah,P
Valentine,P
Waldo,P
Warner,P
Wong,P
Zeb,P
Abel,P
Alden,P
Archer,P
Avery,P
Carson,P
Cullen,P
Doc,P
Eben,P
Elige,P
Elizabeth,P
Elmore,P
Ernst,P
Finis,P
Freddie,P
Godfrey,P
Guss,P
Hamp,P
Hermann,P
Isadore,P
Isreal,P
Jones,P
June,P
Lacy,P
Lafe,P
Leland,P
Llewellyn,P
Ludwig,P
Manford,P
Maxwell,P
Minnie,P
Obie,P
Octave,P
Orrin,P
Ossie,P
Oswald,P
Park,P
Parley,P
Ramon,P
Rice,P
Stonewall,P
Theo,P
Tillman,P
Addie,P
Aron,P
Ashley,P
Bernhard,P
Bertie,P
Berton,P
Buster,P
Butler,P
Carleton,P
Carrie,P
Clara,P
Clarance,P
Clare,P
Crawford,P
Danial,P
Dayton,P
Dolphus,P
Elder,P
Ephriam,P
Fayette,P
Felipe,P
Fernando,P
Flem,P
Florence,P
Ford,P
Harlan,P
Hayes,P
Henery,P
Hoy,P
Huston,P
Ida,P
Ivory,P
Jonah,P
Justin,P
Lenard,P
Leopold,P
Lionel,P
Manley,P
Marquis,P
Marshal,P
Mart,P
Odie,P
Olen,P
Oral,P
Orley,P
Otha,P
Press,P
Price,P
Quincy,P
Randall,P
Rich,P
Richmond,P
Romeo,P
Russel,P
Rutherford,P
Shade,P
Shelby,P
Solon,P
Thurman,P
Tilden,P
Troy,P
Woodson,P
Worth,P
Aden,P
Alcide,P
Alf,P
Algie,P
Arlie,P
Bart,P
Bedford,P
Benito,P
Billy,P
Bird,P
Birt,P
Bruno,P
Burley,P
Chancy,P
Claus,P
Cliff,P
Clovis,P
Connie,P
Creed,P
Delos,P
Duke,P
Eber,P
Eligah,P
Elliot,P
Elton,P
Emmitt,P
Gene,P
Golden,P
Hal,P
Hardin,P
Harman,P
Hervey,P
Hollis,P
Ivey,P
Jennie,P
Len,P
Lindsay,P
Lonie,P
Lyle,P
Mac,P
Mal,P
Math,P
Miller,P
Orson,P
Osborne,P
Percival,P
Pleas,P
Ples,P
Rafael,P
Raoul,P
Roderick,P
Rose,P
Shelton,P
Sid,P
Theron,P
Tobias,P
Toney,P
Tyler,P
Vance,P
Vivian,P
Walton,P
Watt,P
Weaver,P
Wilton,P
Adolf,P
Albin,P
Albion,P
Allison,P
Alpha,P
Alpheus,P
Anastacio,P
Andre,P
Annie,P
Arlington,P
Armand,P
Asberry,P
Asbury,P
Asher,P
Augustin,P
Auther,P
Author,P
Ballard,P
Blas,P
Caesar,P
Candido,P
Cato,P
Clarke,P
Clemente,P
Colin,P
Commodore,P
Cora,P
Coy,P
Cruz,P
Curt,P
Damon,P
Davie,P
Delmar,P
Dexter,P
Dora,P
Doss,P
Drew,P
Edson,P
Elam,P
Elihu,P
Eliza,P
Elsie,P
Erie,P
Ernie,P
Ethel,P
Ferd,P
Friend,P
Garry,P
Gary,P
Grace,P
Gustaf,P
Hallie,P
Hampton,P
Harrie,P
Hattie,P
Hence,P
Hillard,P
Hollie,P
Holmes,P
Hope,P
Hyman,P
Ishmael,P
Jarrett,P
Jessee,P
Joeseph,P
Junious,P
Kirk,P
Levy,P
Mervin,P
Michel,P
Milford,P
Mitchel,P
Nellie,P
Noble,P
Obed,P
Oda,P
Orren,P
Ottis,P
Rafe,P
Redden,P
Reese,P
Rube,P
Ruby,P
Rupert,P
Salomon,P
Sammie,P
Sanders,P
Soloman,P
Stacy,P
Stanford,P
Stanton,P
Thad,P
Titus,P
Tracy,P
Vernie,P
Wendell,P
Wilhelm,P
Willian,P
Yee,P
Zeke,P
Ab,P
Abbott,P
Agustus,P
Albertus,P
Almer,P
Alphonso,P
Alvia,P
Artie,P
Arvid,P
Ashby,P
Augusta,P
Aurthur,P
Babe,P
Baldwin,P
Barnett,P
Bartholomew,P
Barton,P
Bernie,P
Blaine,P
Boston,P
Brad,P
Bradford,P
Bradley,P
Brooks,P
Buck,P
Budd,P
Ceylon,P
Chalmers,P
Chesley,P
Chin,P
Cleo,P
Crockett,P
Cyril,P
Daisy,P
Denver,P
Dow,P
Duff,P
Edie,P
Edith,P
Elick,P
Elie,P
Eliga,P
Eliseo,P
Elroy,P
Ely,P
Ennis,P
Enrique,P
Erasmus,P
Esau,P
Everette,P
Firman,P
Fleming,P
Flora,P
Gardner,P
Gee,P
Gorge,P
Gottlieb,P
Gregorio,P
Gregory,P
Gustavus,P
Halsey,P
Handy,P
Hardie,P
Harl,P
Hayden,P
Hays,P
Hermon,P
Hershel,P
Holly,P
Hosteen,P
Hoyt,P
Hudson,P
Huey,P
Humphrey,P
Hunt,P
Hyrum,P
Irven,P
Isam,P
Ivy,P
Jabez,P
Jewel,P
Jodie,P
Judd,P
Julious,P
Justice,P
Katherine,P
Kelly,P
Kit,P
Knute,P
Lavern,P
Lawyer,P
Layton,P
Brown,P
Newell,P
Carter,P
Lucas,P
Ransom,P
Bee,P
Meyer,P
Paris,P
Byrd,P
Deforest,P
Dolph,P
Harper,P
Jule,P
Lambert,P
Margaret,P
Ocie,P
Orange,P
Reece,P
Roe,P
Ambers,P
Bessie,P
Collins,P
Elbridge,P
Eldon,P
Elvis,P
Gaston,P
Guadalupe,P
Hartwell,P
Knox,P
Lue,P
Manning,P
Ola,P
Reed,P
Sampson,P
Samual,P
Thos,P
Todd,P
Tommy,P
Unknown,P
Wirt,P
Woodie,P
Alice,P
Alvis,P
Ammon,P
Boss,P
Cas,P
Cass,P
Chalmer,P
Denton,P
Elsworth,P
Erving,P
Fredric,P
Furman,P
Helen,P
Pearlie,P
Plummer,P
Presley,P
Rollo,P
Roswell,P
Ruffus,P
Sheldon,P
Tilman,P
York,P
Acie,P
Alfonso,P
Ashton,P
Burke,P
Cap,P
Casimiro,P
Collie,P
Curley,P
Dale,P
Dixon,P
Dominick,P
Garret,P
Gerrit,P
Griffin,P
Hall,P
Heber,P
Hurley,P
Isidore,P
Lorenza,P
Marian,P
Maud,P
Maude,P
Murphy,P
Obe,P
Orla,P
Orlo,P
Orrie,P
Sebastian,P
Starling,P
Tolbert,P
Whit,P
Adrien,P
Alto,P
Angelo,P
Antone,P
Arden,P
Atticus,P
Belton,P
Bertha,P
Blair,P
Burrell,P
Callie,P
Campbell,P
Champ,P
Coley,P
Conway,P
Craig,P
Dalton,P
Darrell,P
Darwin,P
Dennie,P
Ebb,P
Ebbie,P
Edna,P
Ellison,P
Elonzo,P
Emit,P
Emry,P
Ephram,P
Esequiel,P
Essie,P
Esta,P
Evertt,P
Garner,P
Garnett,P
Graham,P
Gregg,P
Halbert,P
Harvie,P
Harvy,P
Hubbard,P
Jared,P
Jere,P
Joesph,P
Johnathan,P
Juluis,P
Kirby,P
Kyle,P
Lane,P
Lawerence,P
Less,P
Linwood,P
Louise,P
Lowell,P
Loy,P
Lucy,P
Manly,P
Mannie,P
Marcel,P
Marius,P
Marrion,P
Mercer,P
Monte,P
Montgomery,P
Nolan,P
Okey,P
Page,P
Philo,P
Primus,P
Prosper,P
Pryor,P
Rene,P
Robin,P
Roll,P
Seward,P
Shannon,P
Talmage,P
Vaughn,P
Verner,P
Waverly,P
Weldon,P
Wells,P
Wiliam,P
Wing,P
Wood,P
Wright,P
Add,P
Adelard,P
Cleve,P
Linus,P
Martha,P
Reinhold,P
Junior,P
Ace,P
Armstead,P
Benedict,P
Brice,P
Gibson,P
May,P
Mills,P
Adolfo,P
Alanzo,P
Antoine,P
Ethan,P
Eustace,P
Ewing,P
Fernand,P
Fisher,P
Gail,P
Harland,P
Hilary,P
Hosie,P
Lemon,P
Lora,P
Marsh,P
Newman,P
Nickolas,P
Olie,P
Pearley,P
Roman,P
Rome,P
Rowland,P
Shelly,P
Vicente,P
Weston,P
Alan,P
Alberto,P
Alexis,P
Auguste,P
Bascom,P
Cameron,P
Camille,P
Clabe,P
Cooper,P
Domingo,P
Elwin,P
Emilio,P
French,P
Gerhard,P
Hansford,P
Jarvis,P
Jobe,P
Josephus,P
Landon,P
Lennie,P
Leonidas,P
Lesley,P
Lillian,P
Linn,P
Littleton,P
Lone,P
Margarito,P
Mattie,P
Melton,P
Ott,P
Randle,P
Seaborn,P
Severt,P
Steward,P
Sylvanus,P
Theadore,P
Theophile,P
Vester,P
Wenzel,P
Alby,P
Alcee,P
Almond,P
Alvy,P
Amon,P
Ansel,P
Bayard,P
Benny,P
Bluford,P
Booker,P
Burnett,P
Burney,P
Caswell,P
Claudie,P
Conley,P
Cortez,P
Dionicio,P
Donnie,P
Eldred,P
Ell,P
Ellery,P
Ellwood,P
Elva,P
Emmit,P
Erle,P
Essex,P
Ewell,P
Ewin,P
Fabian,P
Florencio,P
Fremont,P
Gaines,P
Garnet,P
Gaylord,P
German,P
Greene,P
Brady,P
Festus,P
Jewell,P
Odell,P
Rosco,P
Bernice,P
Chauncy,P
Delmer,P
Effie,P
Ellie,P
Jimmy,P
Lars,P
Milas,P
Miner,P
Rogers,P
Sarah,P
Wess,P
Woody,P
Bryan,P
Douglass,P
Hilton,P
Irvine,P
Isidor,P
Jeptha,P
Mabel,P
Malcom,P
Mell,P
Olof,P
Robt,P
Ronald,P
Simpson,P
Spurgeon,P
Tandy,P
Thurlow,P
Toy,P
Winston,P
Zeno,P
Alphonsus,P
Alvan,P
Amado,P
Ananias,P
Ancel,P
Atlas,P
Banks,P
Barry,P
Blake,P
Blanchard,P
Bose,P
Captain,P
Ceasar,P
Chance,P
Chancey,P
Charle,P
Clide,P
Dink,P
Ella,P
Emett,P
Erick,P
Estill,P
Fenton,P
Gale,P
Gay,P
Grove,P
Hanson,P
Harlie,P
Harlow,P
Haskell,P
Ingram,P
Iva,P
Jep,P
Joy,P
Lessie,P
Lillie,P
Linton,P
Linzy,P
Little,P
Loney,P
Loring,P
Lovie,P
Lute,P
Mace,P
Matthias,P
Meredith,P
Benjamen,P
Jens,P
Oakley,P
Whitney,P
Donaciano,P
Hayward,P
Loran,P
Love,P
Son,P
Tollie,P
Vollie,P
Bonnie,P
Catherine,P
Ebenezer,P
Ewald,P
Herb,P
Julia,P
Silvester,P
Stafford,P
Sullivan,P
Thurston,P
Wayman,P
Wes,P
Winnie,P
Burrel,P
Cleon,P
Dozier,P
Elden,P
Fulton,P
Helmer,P
Hill,P
Hjalmer,P
Ignatz,P
Kelley,P
Marlin,P
Moody,P
Myrtle,P
Namon,P
Odin,P
Odis,P
Oley,P
Osborn,P
Osie,P
Prentice,P
Purl,P
Roby,P
Shep,P
Simmie,P
Stanislaus,P
Vander,P
Zollie,P
Abb,P
Ah,P
Aleck,P
Beecher,P
Blain,P
Bowman,P
Bunk,P
Burgess,P
Carol,P
Charly,P
Clell,P
Cody,P
Lamar,P
Worley,P
Arley,P
Nicolas,P
Terence,P
Claire,P
Earley,P
Elzy,P
Fielding,P
Gertrude,P
Nora,P
Norton,P
Clemens,P
Earlie,P
Ellen,P
Epifanio,P
Glover,P
Lark,P
Laurance,P
Leigh,P
Braxton,P
Cleave,P
Colon,P
Constantine,P
Dominic,P
Emiliano,P
Fleet,P
Franklyn,P
Hobart,P
Josephine,P
Laverne,P
Lillard,P
Lim,P
Merlin,P
Milan,P
Nim,P
Norbert,P
North,P
Orland,P
Orvis,P
Reason,P
Rob,P
Virge,P
Zenas,P
Ada,P
Alejandro,P
Atha,P
Audie,P
Boyce,P
Brent,P
Burdette,P
Cash,P
Chase,P
Clive,P
Courtney,P
Cris,P
Dawson,P
Drury,P
Duane,P
Elon,P
Estevan,P
Fitzhugh,P
Fount,P
Gray,P
Terrence,P
Bartley,P
Shedrick,P
Dixie,P
Ignacio,P
Merl,P
Nehemiah,P
Norwood,P
Raphael,P
Reno,P
Rudy,P
Rueben,P
Sylvan,P
Virgle,P
Charls,P
Cole,P
Elby,P
Ferman,P
Fern,P
Florian,P
Fuller,P
Gorden,P
Gussie,P
Ham,P
Hazel,P
Ignatius,P
Joaquin,P
Lacey,P
Laurie,P
Lilburn,P
Lovell,P
Lovett,P
Malvin,P
Manson,P
Pratt,P
Reid,P
Ruffin,P
Tomie,P
Vince,P
Wayland,P
Acey,P
Alger,P
Algernon,P
Amasa,P
Amil,P
Barrett,P
Britt,P
Burns,P
Calhoun,P
Christy,P
Cletus,P
Colbert,P
Courtland,P
Myles,P
Irl,P
Benson,P
Norval,P
Armond,P
Frazier,P
Thompson,P
Alfredo,P
Grady,P
Lorenz,P
Peyton,P
Seldon,P
Ethelbert,P
Eva,P
Gilman,P
Henri,P
Iver,P
Laura,P
Leonce,P
Mamie,P
Orion,P
Ottie,P
Rudolf,P
Selmer,P
Shepherd,P
Yancy,P
Abbie,P
Agnes,P
Arnie,P
Arvin,P
Blanche,P
Bliss,P
Cassie,P
Dewey,P
Diego,P
Dorr,P
Edmon,P
Estes,P
Gilford,P
Graves,P
Hillery,P
Laurel,P
Carlisle,P
Hughie,P
Orvel,P
Angel,P
Horton,P
Lena,P
Marie,P
Waymon,P
Arno,P
Burnie,P
Elgie,P
Fannie,P
Felton,P
Keith,P
Maxie,P
Nils,P
Sie,P
Sonny,P
Vere,P
Virgie,P
Benjman,P
Bernardo,P
Casey,P
Celestino,P
Cephus,P
Della,P
Hart,P
Hillary,P
Hilmer,P
Holland,P
Jacques,P
Johny,P
Jordon,P
Julien,P
Julio,P
Kay,P
Le,P
Leeroy,P
Liston,P
Lott,P
Doyle,P
Gerard,P
Alfonzo,P
Carlie,P
Branch,P
Bush,P
Elgin,P
Federico,P
Franz,P
Governor,P
Maury,P
Nancy,P
Salvatore,P
Werner,P
Edw,P
Ernesto,P
Fed,P
Foy,P
Galen,P
Genie,P
Hjalmar,P
Lawton,P
Levin,P
Lish,P
Pascal,P
Posey,P
Redmond,P
Rosendo,P
Talmadge,P
Winford,P
Abie,P
Alta,P
Alver,P
Anatole,P
Bobbie,P
Boone,P
Buell,P
Claiborne,P
Loyal,P
Eduardo,P
Maggie,P
Needham,P
Mansfield,P
Ras,P
Guilford,P
Sing,P
Xavier,P
Charlton,P
Eula,P
Mckinley,P
Polk,P
Shellie,P
Bentley,P
Claudius,P
Conard,P
Cornell,P
Ester,P
Esther,P
Mae,P
Mildred,P
Neely,P
Owens,P
Rance,P
Red,P
Robbie,P
Sigurd,P
Teddy,P
Val,P
Almus,P
Sheridan,P
Lorin,P
Carmine,P
Jonnie,P
Kent,P
Murl,P
Ricardo,P
Wilfrid,P
Adlai,P
Buddie,P
Burk,P
Dessie,P
Edison,P
Gifford,P
Goldie,P
Hurbert,P
Iverson,P
Job,P
Leamon,P
Olive,P
Powell,P
Rexford,P
Roma,P
Romie,P
Vick,P
Waldemar,P
Zebulon,P
Alferd,P
Algot,P
Alphons,P
Audley,P
Barnard,P
Berkley,P
Bethel,P
Caroline,P
Corbett,P
Ruth,P
Fidel,P
Guillermo,P
Murry,P
Reubin,P
Rocco,P
Samson,P
Westley,P
Alba,P
Irene,P
Murdock,P
Nolen,P
Royce,P
Ruel,P
Willaim,P
Beryl,P
Beulah,P
Burleigh,P
Carrol,P
Con,P
Dillon,P
Ebert,P
Encarnacion,P
Cedric,P
Estel,P
Mayo,P
Shelley,P
Thorwald,P
Durward,P
Luster,P
Arnett,P
Aubra,P
Avon,P
Bolden,P
Dannie,P
Elex,P
Ferris,P
Jeffie,P
Lexie,P
Link,P
Moises,P
Myer,P
Carlyle,P
Arvel,P
Erby,P
Floy,P
Hughey,P
Ovid,P
Alston,P
Audrey,P
Buddy,P
Clemmie,P
Clemon,P
Dorothy,P
Einar,P
Gurney,P
Hebert,P
Hezzie,P
Kurt,P
Lois,P
Lula,P
Mearl,P
Oddie,P
Ramsey,P
Vinton,P
Zed,P
Audy,P
Barnie,P
Donat,P
Emmons,P
Erich,P
Esley,P
Eston,P
Roosevelt,P
Hartley,P
Jennings,P
Hobert,P
Montie,P
Rae,P
Arvil,P
Casimer,P
Elwyn,P
Evander,P
Gaither,P
Grafton,P
Guthrie,P
Jettie,P
Lannie,P
Lea,P
Moe,P
Nestor,P
Ovila,P
Reynold,P
Reynolds,P
Susie,P
TRUE,P
Alwin,P
Casimir,P
Vergil,P
Hazen,P
Sigmund,P
Saint,P
Silver,P
Eugenio,P
Lisle,P
Milburn,P
Carmen,P
Orris,P
Rayford,P
Raymon,P
Virgel,P
Aloys,P
Cam,P
Hale,P
Nile,P
Offie,P
Opal,P
Rosa,P
Wardell,P
Willy,P
Acy,P
Arthor,P
Boysie,P
Britton,P
Oris,P
Gladys,P
Georgia,P
Bryon,P
Elvie,P
Frankie,P
Mario,P
Pasquale,P
Rhoda,P
Rossie,P
Sherwood,P
Buel,P
Clearence,P
Dabney,P
Diamond,P
Dorris,P
Everet,P
Ezell,P
Hobson,P
Admiral,P
Shafter,P
Maceo,P
Schley,P
Ewart,P
Patsy,P
Arba,P
Orvil,P
Adams,P
Collier,P
Gayle,P
Gladstone,P
Hilario,P
Kathryn,P
Mickey,P
Odus,P
Vernal,P
Von,P
Haven,P
Williard,P
Stephan,P
Collis,P
Griffith,P
Jethro,P
Vic,P
Viola,P
Baker,P
Beatrice,P
Bynum,P
Colvin,P
Doris,P
Elizah,P
Eunice,P
Leighton,P
Linnie,P
Lizzie,P
Rosevelt,P
Farris,P
Lemmie,P
Estell,P
Goebel,P
Tallie,P
Arlo,P
Artis,P
Collin,P
Eddy,P
Hester,P
Lauren,P
Lupe,P
Ozie,P
Salvador,P
Santos,P
Schuyler,P
Arturo,P
Donovan,P
Kermit,P
Eino,P
Olan,P
Danny,P
Lola,P
Esco,P
Josef,P
Lance,P
Leona,P
Mathews,P
Ova,P
Pate,P
Regis,P
Rosario,P
Vito,P
Adron,P
Ancil,P
Arland,P
Buren,P
Erland,P
Johney,P
Clarnce,P
Garvin,P
Agustin,P
Nathen,P
Oneal,P
Verna,P
Victoriano,P
Doll,P
Georgie,P
Heyward,P
Ivor,P
Myrl,P
Beckham,P
Thedore,P
Thelma,P
Trinidad,P
Verl,P
Evelyn,P
Hershell,P
Marty,P
Roberto,P
Teddie,P
Terrell,P
Hilbert,P
Lenon,P
Lenord,P
Ozzie,P
Porfirio,P
Sammy,P
Rayfield,P
Waino,P
Clemence,P
Harm,P
Jamie,P
Vincenzo,P
Welton,P
Adrain,P
Arbie,P
Betty,P
Bobby,P
Desmond,P
Domenic,P
Duard,P
Raul,P
Severo,P
Tobie,P
Council,P
Domenick,P
Darrel,P
Graydon,P
Fredie,P
Eliot,P
Hoke,P
Pauline,P
Tyree,P
Arne,P
Bell,P
Carlo,P
Hansel,P
Jiles,P
Leonardo,P
Quentin,P
Toby,P
Verlin,P
Winthrop,P
Domenico,P
Harrold,P
Lucille,P
Ryan,P
Benard,P
Quinton,P
Rodolfo,P
Armando,P
Delmas,P
Denzil,P
Luciano,P
Lyndon,P
Vera,P
Taft,P
Delphin,P
Rodger,P
Woodrow,P
Burnice,P
Giovanni,P
Americo,P
Ardell,P
Delmus,P
Gilmer,P
Lucio,P
Mariano,P
Ogden,P
Oland,P
Prentiss,P
Samie,P
Hadley,P
Francesco,P
Toivo,P
Robley,P
Verle,P
Farrell,P
Nathanial,P
Reyes,P
Eleanor,P
Emmanuel,P
Esker,P
Florentino,P
Gaetano,P
Levie,P
Guido,P
Aurelio,P
Curtiss,P
Othel,P
Santo,P
Harrell,P
Lenwood,P
Leopoldo,P
Dante,P
Ann,P
Halley,P
Reino,P
Carmelo,P
Wyman,P
Silvio,P
Colie,P
Alfonse,P
Aldo,P
Amerigo,P
Enrico,P
Gasper,P
Attilio,P
Woodroe,P
Nunzio,P
Burnell,P
Erling,P
Gilberto,P
Glendon,P
Larue,P
Masao,P
Nevin,P
Armin,P
Tyrus,P
Kendall,P
Garold,P
Gennaro,P
Cosmo,P
Luigi,P
Hymen,P
Donato,P
Melbourne,P
Merwin,P
Winton,P
Gino,P
Glenwood,P
Geno,P
Glynn,P
Nello,P
Durwood,P
Gilmore,P
Saverio,P
Garth,P
Hiroshi,P
Arlin,P
Yoshio,P
Arvo,P
Deward,P
Hughes,P
Tatsuo,P
Jerald,P
Zigmund,P
Gerhardt,P
Lynwood,P
Berlin,P
Merlyn,P
Pershing,P
Hideo,P
Normand,P
Orvin,P
Joyce,P
Minoru,P
Foch,P
Bryce,P
Carmel,P
Marco,P
Winifred,P
Edsel,P
Quinten,P
Kiyoshi,P
Therman,P
Kazuo,P
Metro,P
Laddie,P
Harding,P
Kennith,P
Eloy,P
Daryl,P
Rayburn,P
Jon,P
Dewayne,P
Marcos,P
Kevin,P
Harden,P
Delton,P
Reynaldo,P
Donal,P
Toshio,P
Dwayne,P
Zane,P
Luverne,P
Jackie,P
Ramiro,P
Harlen,P
Deane,P
Dwain,P
Boris,P
Dorman,P
Coolidge,P
Refugio,P
Darold,P
Donn,P
Faustino,P
Brian,P
Melvyn,P
Esteban,P
Freddy,P
Virginia,P
Marlyn,P
Ken,P
Dwaine,P
Gearld,P
Valentino,P
Lindy,P
Lindbergh,P
Shoji,P
Denny,P
Gonzalo,P
Jorge,P
Jerrold,P
Akira,P
Maria,P
Hoover,P
Jerold,P
Arlen,P
Ronnie,P
Marcelino,P
Verlyn,P
Ismael,P
Fidencio,P
Dolores,P
Adan,P
Davey,P
Derald,P
Barbara,P
Humberto,P
Joan,P
Sherwin,P
Lavon,P
Duwayne,P
Genaro,P
Kenny,P
Rogelio,P
Rolf,P
Arnulfo,P
Gerry,P
Derl,P
Gerold,P
Arlan,P
Patricia,P
Dino,P
Wally,P
Mervyn,P
Allyn,P
Monty,P
Dickie,P
Jan,P
Arlis,P
Kaye,P
Kenton,P
Sherrill,P
Darl,P
Raymundo,P
Delano,P
Terrance,P
Ronny,P
Chuck,P
Orlin,P
Gloria,P
Darryl,P
Marc,P
Sal,P
Stan,P
Cordell,P
Darvin,P
Derrell,P
Jame,P
Jacky,P
Lanny,P
Ron,P
Marland,P
Arlyn,P
Jerrell,P
Jeffrey,P
Valentin,P
Kerry,P
Ferrell,P
Gaylon,P
Jerrel,P
Darwyn,P
Dwane,P
Randy,P
Ian,P
Delwin,P
Gustavo,P
Verlon,P
Vernell,P
Delma,P
Windell,P
Kim,P
Errol,P
Reggie,P
Geoffrey,P
Mel,P
Sergio,P
Del,P
Donnell,P
Tyrone,P
Sharon,P
Donny,P
Doug,P
Marilyn,P
Carolyn,P
Delvin,P
Janet,P
Levon,P
Ozell,P
Gaylen,P
Lamont,P
Tex,P
Lonny,P
Autry,P
Rondal,P
Randal,P
Dion,P
Greg,P
Sandra,P
Judith,P
Scotty,P
Ronal,P
Jeffery,P
Randell,P
Joey,P
Nicky,P
Leonel,P
Harlon,P
Lawrance,P
Linda,P
Barrie,P
Darnell,P
Isidro,P
Wilkie,P
Rick,P
Ricky,P
Donna,P
Janice,P
Javier,P
Wendel,P
Erik,P
Lindell,P
Judy,P
Jeffry,P
Karen,P
Brendan,P
Darell,P
Mcarthur,P
Macarthur,P
Rickey,P
Rod,P
Niles,P
Jeremy,P
Susan,P
Walt,P
Lary,P
Jaime,P
Noe,P
Rocky,P
Derek,P
Les,P
Terrill,P
Russ,P
Timmy,P
Butch,P
Sean,P
Linden,P
Roddy,P
Rickie,P
Lenny,P
Rusty,P
Dane,P
Geary,P
Eusebio,P
Garey,P
Lucky,P
Gerardo,P
Gil,P
Richie,P
Carnell,P
Chad,P
Hank,P
Dorian,P
Rolando,P
Kip,P
Mikel,P
Jonathon,P
Stevan,P
Kris,P
Jody,P
Lyn,P
Zachary,P
Brett,P
Patric,P
Rory,P
Rand,P
Robby,P
Cornel,P
Shawn,P
Skip,P
Randel,P
Jed,P
Dirk,P
Brock,P
Deryl,P
Stevie,P
Derrick,P
Jerel,P
Cesar,P
Baron,P
Kathleen,P
Stefan,P
Donell,P
Corey,P
Kelvin,P
Ezzard,P
Tod,P
Shaun,P
Brant,P
Scot,P
Efrain,P
Stacey,P
Brandon,P
Marlon,P
Jory,P
Layne,P
Danniel,P
Michial,P
Ritchie,P
Edwardo,P
Kimberly,P
Ricki,P
Kurtis,P
Cory,P
Deborah,P
Scottie,P
Erasmo,P
Rudolfo,P
Lex,P
Rodrick,P
Daryle,P
Greggory,P
Darren,P
Mikeal,P
Trent,P
Michal,P
Theodis,P
Damian,P
Kimball,P
Michale,P
Wilfredo,P
Shane,P
Robbin,P
Kraig,P
Kirt,P
Chip,P
Randolf,P
Bret,P
Antony,P
Bradly,P
Faron,P
Blaise,P
Alvaro,P
Ricci,P
Dusty,P
Debra,P
Rock,P
Keven,P
Gavin,P
Kevan,P
Blane,P
Demetrius,P
Rahn,P
Barron,P
Heriberto,P
Jude,P
Levern,P
Darcy,P
Micky,P
Kennard,P
Davy,P
Tad,P
Rhett,P
Ty,P
Mitch,P
Jefferey,P
Dann,P
Timmothy,P
Broderick,P
Derwin,P
Chet,P
Quintin,P
Timmie,P
Tab,P
Tracey,P
Jace,P
Kem,P
Brion,P
Andrea,P
Cynthia,P
Kennth,P
Renaldo,P
Desi,P
Renard,P
Trevor,P
Kenney,P
Brien,P
Cheyenne,P
Derick,P
Robb,P
Devin,P
Kerwin,P
Grayling,P
Quinn,P
Wayde,P
Maverick,P
Tobin,P
Kristopher,P
Keenan,P
Diane,P
Cheryl,P
Reinaldo,P
Jamey,P
Darrin,P
Flint,P
Darin,P
Daren,P
Efrem,P
Kieth,P
Micah,P
Andra,P
Chaim,P
Raynard,P
Leif,P
Kennedy,P
Lisa,P
Darrick,P
Darry,P
Roel,P
Darron,P
Darryle,P
Stephon,P
Darryll,P
Brenda,P
Devon,P
Arnoldo,P
Kory,P
Regan,P
Brook,P
Shayne,P
Lorne,P
Parrish,P
Drake,P
Norberto,P
Kalvin,P
Pernell,P
Markus,P
Thor,P
Osvaldo,P
Anibal,P
Daron,P
Deon,P
Edgardo,P
Geoff,P
Tammy,P
Jayson,P
Rodrigo,P
Tyron,P
Dwyane,P
Stoney,P
Tal,P
Jaimie,P
Trenton,P
Andreas,P
Vinson,P
Pamela,P
Erin,P
Mauricio,P
Rigoberto,P
Roderic,P
Destry,P
Deron,P
Fitzgerald,P
Quint,P
Kipp,P
Trey,P
Kendrick,P
Deric,P
Terance,P
Antonia,P
Shon,P
Daryn,P
Darien,P
Darryn,P
Trace,P
Darian,P
Dario,P
Chadwick,P
Brain,P
Reginal,P
Heath,P
Jarrod,P
Michelle,P
Illya,P
Brenton,P
Michele,P
Dylan,P
Efren,P
Arron,P
Tyson,P
Cedrick,P
Dereck,P
Brennan,P
Jerrod,P
Garrick,P
Jennifer,P
Angela,P
Claudio,P
Derik,P
Octavio,P
Alfie,P
Brendon,P
Kristian,P
Shad,P
Ariel,P
Liam,P
Tina,P
Beau,P
Giuseppe,P
Franco,P
Dustin,P
Jamal,P
Damien,P
Waylon,P
Colby,P
Damion,P
Brenden,P
Korey,P
Tye,P
Rico,P
Darby,P
Melissa,P
Anthoney,P
Jade,P
Lamonte,P
Shan,P
Johnathon,P
Tory,P
Trever,P
Lazaro,P
Jemal,P
Jamison,P
Aric,P
Ari,P
Donavan,P
Torrey,P
Torrance,P
Shanon,P
Chandler,P
Ali,P
Corwin,P
Amy,P
Jameson,P
Demetrios,P
Jasen,P
Davin,P
Cale,P
Jermaine,P
Malik,P
Jeromy,P
Jammie,P
Che,P
Bronson,P
Dax,P
Brandt,P
Kenyatta,P
Antione,P
Laron,P
Antwan,P
Branden,P
Dedric,P
Jayme,P
Kelsey,P
Torrence,P
Shea,P
Kenyon,P
Kristin,P
Shay,P
Corbin,P
Cristopher,P
Jeramy,P
Braden,P
Kenya,P
Dedrick,P
Tate,P
Germaine,P
Nigel,P
Jerod,P
Christoper,P
Chadd,P
Jarod,P
Tristan,P
Brannon,P
Jeremey,P
Deandre,P
Kiley,P
Donavon,P
Sedrick,P
Hassan,P
Jamel,P
Jeramie,P
Marcelo,P
Coby,P
Deshawn,P
Toriano,P
Kwame,P
Kasey,P
Demian,P
Kristofer,P
Paulo,P
Donte,P
Jarred,P
Demond,P
Kareem,P
Vidal,P
Zachariah,P
Jamar,P
Abdul,P
Jermain,P
Tremayne,P
Jeremie,P
Marlo,P
Lashawn,P
Brandy,P
Josue,P
Jabbar,P
Kristoffer,P
Diallo,P
Tito,P
Damond,P
Nicole,P
Dameon,P
Rahsaan,P
Nathanael,P
Abelardo,P
Cade,P
Vashon,P
Taurus,P
Chadrick,P
Tarik,P
Marcello,P
Dominique,P
Donta,P
Moshe,P
Zachery,P
Jevon,P
Stephanie,P
Nakia,P
Telly,P
Ahmad,P
Jamil,P
Toma,P
Trinity,P
Jereme,P
Dejuan,P
Jabari,P
Ahmed,P
Heather,P
Demarcus,P
Antwon,P
Jered,P
Rashad,P
Kristen,P
Mauro,P
Benji,P
Tavares,P
Marques,P
Rasheed,P
Jerad,P
Corry,P
Cristobal,P
Deangelo,P
Karim,P
Sharif,P
Demarco,P
Kareen,P
Rebecca,P
Raheem,P
Jamaal,P
Jovan,P
Seneca,P
Jermey,P
Torey,P
Hakim,P
Cortney,P
Jamin,P
Javon,P
Zackary,P
Ezequiel,P
Jerimy,P
Muhammad,P
Jameel,P
Brody,P
Jaron,P
Dimitrios,P
Taj,P
Tanner,P
Torry,P
Amir,P
Levar,P
Lavar,P
Kunta,P
Jedediah,P
Jerimiah,P
Kinte,P
Rashawn,P
Jeramiah,P
Jessica,P
Jedidiah,P
Amin,P
Rian,P
Conor,P
Lydell,P
Davon,P
Kaleb,P
Samir,P
Zackery,P
Khalid,P
Bo,P
Cristian,P
Demetric,P
Horacio,P
Anwar,P
Nicholaus,P
Kenji,P
Nikolas,P
Demario,P
Johnpaul,P
Nicklaus,P
Jarret,P
Kody,P
Antwain,P
Dequan,P
Lukas,P
Christina,P
Deshaun,P
Juston,P
Hasan,P
Jeb,P
Amanda,P
Andrae,P
Kendell,P
Tucker,P
Keon,P
Garett,P
Amit,P
Omari,P
Tyrell,P
Mohammad,P
Bryson,P
Tyrel,P
Tremaine,P
Jarrad,P
Rustin,P
Kai,P
Justen,P
Keegan,P
Chaz,P
Yoel,P
Jarad,P
Jessy,P
Bjorn,P
Brandan,P
Dustan,P
Isaias,P
Kellen,P
Skyler,P
Marchello,P
Mohammed,P
Johathan,P
Adalberto,P
Connor,P
Dontae,P
Taurean,P
Skylar,P
Mohamed,P
Colt,P
Kiel,P
Colton,P
Eliezer,P
Darrius,P
Tuan,P
Hung,P
Long,P
Lamarcus,P
Justine,P
Huy,P
Akeem,P
Cassidy,P
Devan,P
Martell,P
Remington,P
Jacoby,P
Jakob,P
Trumaine,P
Marquise,P
Deven,P
Crystal,P
Ryne,P
Coty,P
Grayson,P
Jerrad,P
Jarrell,P
Baby,P
Brandin,P
Alonso,P
Danielle,P
Tavon,P
Travon,P
Deonte,P
Rachel,P
Kameron,P
Tavaris,P
Tylor,P
Jairo,P
Durell,P
Durrell,P
Channing,P
Jaymes,P
Dakota,P
Keaton,P
Ulises,P
Brandyn,P
Mackenzie,P
Maximilian,P
Uriel,P
Terell,P
Kale,P
Dandre,P
Kolby,P
Joshuah,P
Martez,P
Rayshawn,P
Dangelo,P
Derrek,P
Cordero,P
Jayce,P
Yaakov,P
Kyler,P
Alexandro,P
Zechariah,P
Giancarlo,P
Garrison,P
Spenser,P
Austen,P
Payton,P
Kalen,P
Kane,P
Mychal,P
Conner,P
Cordaro,P
Dashawn,P
Holden,P
Octavius,P
Rashaad,P
Montrell,P
Jaren,P
Joseluis,P
Trevin,P
Brennen,P
Kegan,P
Camron,P
Colten,P
Codey,P
Arsenio,P
Jaquan,P
Geraldo,P
Kelby,P
Jamarcus,P
Marquez,P
Dominque,P
Brittany,P
Ridge,P
Mikhail,P
Brantley,P
Nico,P
Kade,P
Alexandre,P
Christop,P
Infant,P
Alexande,P
Hakeem,P
Kadeem,P
Gage,P
Khiry,P
Jasmine,P
Daquan,P
Niko,P
Rakeem,P
Nikko,P
Dionte,P
Samantha,P
Darion,P
Kendal,P
Kiara,P
Tiffany,P
Khalil,P
Najee,P
Ladarius,P
Stetson,P
Yosef,P
Trevon,P
Dimitri,P
Tevin,P
Denzel,P
Male,P
Laquan,P
Kiefer,P
Jorden,P
Ibrahim,P
Mykel,P
Kevon,P
Zakary,P
Aidan,P
Talon,P
Codie,P
Hernan,P
Camden,P
Deontae,P
Keenen,P
Misael,P
Devonte,P
Sage,P
Dillan,P
Gunnar,P
Shaquille,P
Dillion,P
Dylon,P
Storm,P
Domonique,P
Codi,P
Jaleel,P
Davion,P
Brayden,P
Denzell,P
Devante,P
Dijon,P
Keifer,P
Tariq,P
Babyboy,P
Sawyer,P
Desean,P
Deonta,P
Kolton,P
Justyn,P
Unnamed,P
Dejon,P
Bilal,P
Deante,P
Jalen,P
Tre,P
Davonte,P
Devonta,P
Javonte,P
Devontae,P
Deion,P
Demetri,P
Davante,P
Dyllan,P
Trae,P
Dondre,P
Tayler,P
Caden,P
Dakotah,P
Montel,P
Davonta,P
Dalvin,P
Tyshawn,P
Maximillian,P
Juwan,P
Tyquan,P
Kieran,P
Colter,P
Jaylen,P
Devyn,P
Savon,P
Deondre,P
Darrian,P
Dallin,P
Jordy,P
Mikal,P
Adonis,P
Kelton,P
Shaquan,P
Devaughn,P
Darrien,P
Austyn,P
Kaden,P
Darrion,P
Fredy,P
Montana,P
Kole,P
Syed,P
Demonte,P
Dakoda,P
Jaden,P
Keanu,P
Jaylon,P
Daulton,P
Shyheim,P
Markell,P
Menachem,P
Markel,P
Jayden,P
Khari,P
Trayvon,P
Gunner,P
Auston,P
Cain,P
Jaylin,P
River,P
Alek,P
Destin,P
Tyrin,P
Ryder,P
Armani,P
Kahlil,P
Bryton,P
Jonatan,P
Tristen,P
Triston,P
Raekwon,P
Tristin,P
Anfernee,P
Draven,P
Romello,P
Stone,P
Tristian,P
Easton,P
Treyvon,P
Aiden,P
Rashaan,P
Rohan,P
Killian,P
Phoenix,P
Greyson,P
Latrell,P
Brennon,P
Seamus,P
Isai,P
Branson,P
Damarcus,P
Mateo,P
Keshawn,P
Keyshawn,P
Trystan,P
Braeden,P
Brayan,P
Shamar,P
Keion,P
Raquan,P
Jair,P
Braydon,P
Shemar,P
Reilly,P
Reagan,P
Jaylan,P
Nasir,P
Abdullah,P
Dominik,P
Keagan,P
Kordell,P
Kobe,P
Gianni,P
Jaret,P
Koby,P
Nash,P
Rylan,P
Jaxon,P
Giovanny,P
Ronaldo,P
Coleton,P
Amari,P
Jarett,P
Keyon,P
Paxton,P
Landen,P
Raven,P
Jamari,P
Jovani,P
Jovanny,P
Keandre,P
Kenan,P
Jajuan,P
Ryley,P
Nikhil,P
Tyrese,P
Tyrek,P
Zion,P
Declan,P
Savion,P
Kamron,P
Jadon,P
Tyrique,P
Tahj,P
Tyriq,P
Tyreek,P
Izaiah,P
Tavian,P
Jacquez,P
Alessandro,P
Kyree,P
Tyrik,P
Jordi,P
Jalon,P
Mekhi,P
Jelani,P
Matteo,P
Johan,P
Hamza,P
Brycen,P
Jovany,P
Miguelangel,P
Jensen,P
Rahul,P
Christion,P
Judah,P
Konnor,P
Kylan,P
Jaiden,P
Tyreke,P
Cayden,P
Jett,P
Zaire,P
Jaydon,P
Korbin,P
Tyreese,P
Braedon,P
Jaxson,P
Xander,P
Camren,P
Semaj,P
Ean,P
Gaven,P
Karson,P
Trevion,P
Ayden,P
Rey,P
Tavion,P
Braiden,P
Kadin,P
Arman,P
Aditya,P
Rowan,P
Bridger,P
Kayden,P
Elian,P
Luca,P
Finn,P
Kaiden,P
Sincere,P
Maximus,P
Xzavier,P
Blaze,P
Gaige,P
London,P
Keshaun,P
Sabastian,P
Kavon,P
Kian,P
Brodie,P
Jaeden,P
Javion,P
Jamir,P
Maxim,P
Alexzander,P
Kamren,P
Zander,P
Dayne,P
Isaak,P
Jaheim,P
Jagger,P
Oswaldo,P
Ronan,P
Haden,P
Jadyn,P
Immanuel,P
Alijah,P
Jakobe,P
Imanol,P
Jordyn,P
Zain,P
Yusuf,P
Gavyn,P
Pranav,P
Yehuda,P
Daunte,P
Caiden,P
Arjun,P
Jahiem,P
Zavier,P
Mustafa,P
Rylee,P
Giovani,P
Jovanni,P
Omarion,P
Yahir,P
Amarion,P
Gael,P
Cael,P
Treyton,P
Aryan,P
Jaheem,P
Malakai,P
Javen,P
Lisandro,P
Santino,P
Adriel,P
Ethen,P
Luc,P
Maximo,P
Cason,P
Gannon,P
Jaquez,P
Bradyn,P
Jase,P
Zayne,P
Osbaldo,P
Maddox,P
Jamarion,P
Yair,P
Aydan,P
Konner,P
Damarion,P
Jahir,P
Enzo,P
Cannon,P
Kamari,P
Kaeden,P
Ryker,P
Soren,P
Mordechai,P
Cristofer,P
Ryland,P
Zaid,P
Arnav,P
Canyon,P
Kanye,P
Kyan,P
Cohen,P
Braylon,P
Davian,P
Jaidyn,P
Demarion,P
Landyn,P
Luka,P
Braulio,P
Andon,P
Aydin,P
Matias,P
Jaydin,P
Deacon,P
Teagan,P
Kamden,P
Malaki,P
Koda,P
Rhys,P
Haiden,P
Tayshaun,P
Jayvon,P
Trenten,P
Rishi,P
Kason,P
Talan,P
Amare,P
Makai,P
Braylen,P
Kadyn,P
Leandro,P
Aedan,P
Finnegan,P
Karter,P
Damari,P
Messiah,P
Makhi,P
Camryn,P
Gauge,P
Jax,P
Adin,P
Krish,P
Yandel,P
Beckett,P
Kael,P
Bode,P
Koen,P
Zayden,P
Santana,P
Landin,P
Talen,P
Kasen,P
Aidyn,P
Jasiah,P
Memphis,P
Kingston,P
Landan,P
Case,P
Coen,P
Izayah,P
Anders,P
Brogan,P
Madden,P
Slade,P
Kellan,P
Jaydan,P
Nery,P
Rayan,P
Dereon,P
Yael,P
Raiden,P
Nikolai,P
Yurem,P
Lyric,P
Kelan,P
Tegan,P
Kamryn,P
Jayvion,P
Ronin,P
Daxton,P
Aaden,P
Chace,P
Marley,P
Kash,P
Kymani,P
Ishaan,P
Jadiel,P
Urijah,P
Eden,P
Zaiden,P
Ayaan,P
Aarav,P
Tripp,P
Geovanni,P
Yadiel,P
Kyson,P
Callum,P
Deegan,P
Lennon,P
Abdiel,P
Carsen,P
Kolten,P
Stella,P
Sallie,P
Nettie,P
Etta,P
Harriet,P
Sadie,P
Katie,P
Lydia,P
Kate,P
Mollie,P
Lulu,P
Nannie,P
Lottie,P
Belle,P
Charlotte,P
Amelia,P
Hannah,P
Jane,P
Emily,P
Matilda,P
Henrietta,P
Sara,P
Estella,P
Theresa,P
Josie,P
Sophia,P
Anne,P
Delia,P
Louisa,P
Mayme,P
Estelle,P
Nina,P
Bettie,P
Luella,P
Inez,P
Lela,P
Rosie,P
Millie,P
Janie,P
Cornelia,P
Victoria,P
Celia,P
Christine,P
Birdie,P
Harriett,P
Mable,P
Myra,P
Sophie,P
Tillie,P
Isabel,P
Sylvia,P
Isabelle,P
Leila,P
Sally,P
Ina,P
Nell,P
Alberta,P
Katharine,P
Rena,P
Mina,P
Mathilda,P
Dollie,P
Hettie,P
Fanny,P
Lenora,P
Adelaide,P
Lelia,P
Nelle,P
Sue,P
Johanna,P
Lilly,P
Lucinda,P
Minerva,P
Lettie,P
Roxie,P
Helena,P
Hilda,P
Hulda,P
Genevieve,P
Cordelia,P
Jeanette,P
Adeline,P
Leah,P
Lura,P
Mittie,P
Isabella,P
Olga,P
Phoebe,P
Teresa,P
Lida,P
Lina,P
Marguerite,P
Claudia,P
Cecelia,P
Bess,P
Emilie,P
Rosetta,P
Myrtie,P
Cecilia,P
Olivia,P
Ophelia,P
Elnora,P
Violet,P
Adele,P
Lily,P
Loretta,P
Madge,P
Polly,P
Eugenia,P
Lucile,P
Mabelle,P
Rosalie,P
Kittie,P
Meta,P
Angie,P
Georgiana,P
Lila,P
Regina,P
Selma,P
Wilhelmina,P
Bridget,P
Lilla,P
Malinda,P
Vina,P
Freda,P
Gertie,P
Jeannette,P
Louella,P
Mandy,P
Roberta,P
Corinne,P
Lyda,P
Naomi,P
Norma,P
Margie,P
Nona,P
Zella,P
Dovie,P
Elvira,P
Erma,P
Irma,P
Leota,P
Blanch,P
Charity,P
Lorena,P
Lucretia,P
Orpha,P
Alvina,P
Annette,P
Catharine,P
Elma,P
Geneva,P
Leora,P
Lona,P
Miriam,P
Zora,P
Octavia,P
Sudie,P
Zula,P
Adella,P
Frieda,P
Joanna,P
Leonora,P
Priscilla,P
Tennie,P
Angeline,P
Docia,P
Ettie,P
Flossie,P
Hanna,P
Letha,P
Minta,P
Retta,P
Rosella,P
Adah,P
Berta,P
Elisabeth,P
Elise,P
Leola,P
Margret,P
Adaline,P
Idella,P
Juanita,P
Lenna,P
Lucie,P
Missouri,P
Nola,P
Zoe,P
Eda,P
Isabell,P
Julie,P
Letitia,P
Madeline,P
Malissa,P
Mariah,P
Pattie,P
Almeda,P
Aurelia,P
Dolly,P
Jannie,P
Kathrine,P
Lavinia,P
Marietta,P
Melvina,P
Ona,P
Pinkie,P
Susanna,P
Chloe,P
Elsa,P
Matie,P
Pearle,P
Vesta,P
Vinnie,P
Antoinette,P
Clementine,P
Edythe,P
Harriette,P
Libbie,P
Lilian,P
Lutie,P
Magdalena,P
Meda,P
Rita,P
Tena,P
Zelma,P
Adelia,P
Annetta,P
Dona,P
Elizebeth,P
Georgianna,P
Gracie,P
Iona,P
Leta,P
Liza,P
Mertie,P
Molly,P
Neva,P
Oma,P
Alida,P
Cecile,P
Ernestine,P
Evie,P
Helene,P
Minna,P
Myrta,P
Prudence,P
Queen,P
Rilla,P
Savannah,P
Tessie,P
Agatha,P
America,P
Anita,P
Arminta,P
Dorothea,P
Luvenia,P
Marjorie,P
Maybelle,P
Mellie,P
Nan,P
Velma,P
Constance,P
Ila,P
Iola,P
Louvenia,P
Lucia,P
Ludie,P
Luna,P
Metta,P
Phebe,P
Sophronia,P
Adda,P
Avis,P
Betsy,P
Cordie,P
Emmaline,P
Ethelyn,P
Hortense,P
Marcella,P
Melinda,P
Mona,P
Odessa,P
Veronica,P
Aimee,P
Annabel,P
Ava,P
Bella,P
Carolina,P
Cathrine,P
Christena,P
Dena,P
Eleanore,P
Elmira,P
Jenny,P
Kizzie,P
Loula,P
Magdalene,P
Mettie,P
Mintie,P
Peggy,P
Reba,P
Serena,P
Vida,P
Zada,P
Abigail,P
Celestine,P
Celina,P
Daisie,P
Dessa,P
Easter,P
Emelia,P
Emmie,P
Imogene,P
India,P
Jeanne,P
Lenore,P
Liddie,P
Lotta,P
Mame,P
Nevada,P
Rachael,P
Sina,P
Willa,P
Aline,P
Daisey,P
Dorcas,P
Edmonia,P
Effa,P
Eldora,P
Eloise,P
Emmer,P
Era,P
Gena,P
Iris,P
Izora,P
Lissie,P
Mallie,P
Malvina,P
Mathilde,P
Mazie,P
Queenie,P
Rosina,P
Salome,P
Theodora,P
Therese,P
Vena,P
Wanda,P
Wilda,P
Altha,P
Anastasia,P
Besse,P
Birtie,P
Clarissa,P
Delilah,P
Diana,P
Emelie,P
Erna,P
Florida,P
Frona,P
Hilma,P
Juliet,P
Leonie,P
Lugenia,P
Mammie,P
Manda,P
Manerva,P
Manie,P
Nella,P
Paulina,P
Philomena,P
Selina,P
Sena,P
Theodosia,P
Una,P
Adela,P
Althea,P
Amalia,P
Amber,P
Angelina,P
Annabelle,P
Anner,P
Arie,P
Clarice,P
Corda,P
Corrie,P
Dellar,P
Donie,P
Elda,P
Elinor,P
Emeline,P
Emilia,P
Etha,P
Indiana,P
Ione,P
Josiephine,P
Kitty,P
Lavina,P
Leda,P
Letta,P
Mahala,P
Marcia,P
Margarette,P
Maudie,P
Maye,P
Norah,P
Patty,P
Paula,P
Permelia,P
Rosalia,P
Roxanna,P
Sula,P
Vada,P
Winnifred,P
Adline,P
Almira,P
Alvena,P
Arizona,P
Becky,P
Bernadette,P
Cordia,P
Corine,P
Dicie,P
Dove,P
Drusilla,P
Elena,P
Elenora,P
Elmina,P
Ethyl,P
Evalyn,P
Evelina,P
Faye,P
Huldah,P
Idell,P
Inga,P
Irena,P
Kattie,P
Lavenia,P
Lovina,P
Lulie,P
Magnolia,P
Margeret,P
Margery,P
Media,P
Millicent,P
Nena,P
Orilla,P
Pansy,P
Rosia,P
Rowena,P
Tabitha,P
Verdie,P
Zetta,P
Zoa,P
Zona,P
Albertina,P
Albina,P
Alyce,P
Amie,P
Annis,P
Carra,P
Clarinda,P
Delphia,P
Dillie,P
Doshie,P
Drucilla,P
Etna,P
Eugenie,P
Eulalia,P
Eve,P
Felicia,P
Florance,P
Fronie,P
Geraldine,P
Gina,P
Glenna,P
Grayce,P
Hedwig,P
Jossie,P
Katheryn,P
Katy,P
Leanna,P
Leitha,P
Leone,P
Lidie,P
Loma,P
Lular,P
Magdalen,P
Maymie,P
Minervia,P
Muriel,P
Neppie,P
Onie,P
Osa,P
Otelia,P
Paralee,P
Patience,P
Rella,P
Rillie,P
Rosanna,P
Tilda,P
Tishie,P
Tressa,P
Viva,P
Yetta,P
Zena,P
Zola,P
Abby,P
Aileen,P
Alda,P
Alla,P
Alverta,P
Ara,P
Ardelia,P
Ardella,P
Arrie,P
Arvilla,P
Aurora,P
Bama,P
Bena,P
Calla,P
Camilla,P
Carlotta,P
Celestia,P
Cherry,P
Cinda,P
Classie,P
Claudine,P
Clemie,P
Clyda,P
Creola,P
Debbie,P
Dinah,P
Doshia,P
Ednah,P
Edyth,P
Eleanora,P
Electa,P
Eola,P
Eudora,P
Euphemia,P
Evalena,P
Evaline,P
Faith,P
Fidelia,P
Golda,P
Helma,P
Hermine,P
Hessie,P
Ivah,P
Janette,P
Jennette,P
Joella,P
Kathryne,P
Lanie,P
Lauretta,P
Leana,P
Leatha,P
Liller,P
Lillis,P
Louetta,P
Madie,P
Mai,P
Martina,P
Maryann,P
Melva,P
Mena,P
Mercedes,P
Mima,P
Minda,P
Monica,P
Nealie,P
Netta,P
Nolia,P
Nonie,P
Odelia,P
Ottilie,P
Phyllis,P
Sabina,P
Sada,P
Suzanne,P
Sybilla,P
Thea,P
Tressie,P
Vallie,P
Venie,P
Viney,P
Wilhelmine,P
Winona,P
Zelda,P
Zilpha,P
Adelle,P
Adina,P
Adrienne,P
Albertine,P
Alys,P
Ana,P
Araminta,P
Birtha,P
Bulah,P
Caddie,P
Celie,P
Charlotta,P
Concepcion,P
Cordella,P
Corrine,P
Delila,P
Delphine,P
Dosha,P
Elaine,P
Elisa,P
Ellar,P
Elmire,P
Elvina,P
Ena,P
Estie,P
Etter,P
Fronnie,P
Georgina,P
Gracia,P
Gwendolyn,P
Hassie,P
Honora,P
Icy,P
Isa,P
Isadora,P
Johannah,P
Juana,P
Junie,P
Lavonia,P
Lella,P
Lemma,P
Letty,P
Linna,P
Littie,P
Lollie,P
Lorene,P
Lovisa,P
Lucina,P
Madora,P
Mahalia,P
Manervia,P
Manuela,P
Margarett,P
Margaretta,P
Margarita,P
Marilla,P
Mignon,P
Mozella,P
Natalie,P
Nelia,P
Nolie,P
Omie,P
Ottilia,P
Parthenia,P
Penelope,P
Pinkey,P
Pollie,P
Rennie,P
Reta,P
Roena,P
Rosalee,P
Roseanna,P
Ruthie,P
Sabra,P
Sannie,P
Selena,P
Sibyl,P
Tella,P
Tempie,P
Tennessee,P
Teressa,P
Texas,P
Theda,P
Thursa,P
Ula,P
Vannie,P
Verona,P
Vertie,P
Wilma,P
Adell,P
Aggie,P
Alcie,P
Alfreda,P
Alicia,P
Allene,P
Almyra,P
Anastacia,P
Aria,P
Arminda,P
Aura,P
Avie,P
Berdie,P
Buena,P
Calista,P
Cammie,P
Cara,P
Celesta,P
Celeste,P
Chaney,P
Chanie,P
Charlottie,P
Chrissie,P
Christene,P
Christiana,P
Cleora,P
Clora,P
Coralie,P
Dayse,P
Delfina,P
Deliah,P
Delina,P
Delle,P
Dicy,P
Donia,P
Dulcie,P
Edwina,P
Ela,P
Eleonora,P
Elta,P
Elzada,P
Emaline,P
Eulah,P
Eulalie,P
Euna,P
Zadie,P
Eveline,P
Lelah,P
Nanie,P
Petra,P
Glennie,P
Juliette,P
Mercy,P
Miranda,P
Nana,P
Zilpah,P
Almedia,P
Byrdie,P
Claribel,P
Coral,P
Exie,P
Malissie,P
Myrtice,P
Narcissus,P
Rosamond,P
Theresia,P
Valeria,P
Vessie,P
Victorine,P
Arabella,P
Dottie,P
Flo,P
Fredericka,P
Gusta,P
Icie,P
Lillia,P
Lota,P
Nathalie,P
Nita,P
Ota,P
Ramona,P
Texie,P
Zillah,P
Aida,P
Arra,P
Belva,P
Biddie,P
Bula,P
Carry,P
Crete,P
Dossie,P
Evangeline,P
Flavia,P
Fleta,P
Fronia,P
Gillie,P
Jinnie,P
Katharina,P
Mirtie,P
Mora,P
Ninnie,P
Rettie,P
Rozella,P
Sofia,P
Sybil,P
Sylvania,P
Tilla,P
Ursula,P
Veda,P
Zaida,P
Zenobia,P
Aletha,P
Ason,P
Bina,P
Chloie,P
Christie,P
Corean,P
Corinna,P
Elodie,P
Epsie,P
Exa,P
Georgine,P
Gretta,P
Henriette,P
Jemima,P
Jo,P
Josefa,P
Juliana,P
Katharyn,P
Lavada,P
Leonore,P
Levina,P
Libby,P
Lilie,P
Louanna,P
Mabell,P
Madeleine,P
Marinda,P
Mila,P
Neta,P
Orlena,P
Ozella,P
Ressie,P
Rosena,P
Rosey,P
Senora,P
Siddie,P
Susana,P
Susanne,P
Texanna,P
Tiney,P
Tinie,P
Tiny,P
Achsah,P
Agness,P
Ala,P
Alabama,P
Alexina,P
Altie,P
Ama,P
Amalie,P
Amelie,P
Amey,P
Amma,P
Ammie,P
Anie,P
Annabell,P
Arta,P
Attie,P
Audra,P
Azzie,P
Cathryn,P
Cena,P
Chestina,P
Crissie,P
Cyntha,P
Daisye,P
Dellia,P
Delta,P
Dema,P
Dezzie,P
Dola,P
Dollye,P
Eithel,P
Elba,P
Elfrieda,P
Elna,P
Emogene,P
Enola,P
Verda,P
Gretchen,P
Hermina,P
Nelly,P
Eller,P
Hetty,P
Luetta,P
Pennie,P
Rosemary,P
Beckie,P
Buna,P
Caldonia,P
Candace,P
Edla,P
Florrie,P
Luisa,P
Myrtis,P
Trudie,P
Agusta,P
Alphonsine,P
Dellie,P
Delpha,P
Kathyrn,P
Loretto,P
Lucindy,P
Maybell,P
Odile,P
Orah,P
Prudie,P
Rhea,P
Rinda,P
Rosy,P
Roxy,P
Sarrah,P
Susannah,P
Tula,P
Alwina,P
Arah,P
Bernadine,P
Capitola,P
Cathern,P
Columbia,P
Eileen,P
Elizbeth,P
Eura,P
Hennie,P
Henretta,P
Ivie,P
Jeanie,P
Justina,P
Leaner,P
Leonia,P
Lorraine,P
Lucetta,P
Macie,P
Mahalie,P
Marry,P
Novella,P
Olevia,P
Phillis,P
Philomene,P
Salina,P
Sinda,P
Tinnie,P
Vashti,P
Vella,P
Veva,P
Vicy,P
Zita,P
Affie,P
Albertha,P
Anabel,P
Artelia,P
Barbra,P
Beaulah,P
Bertina,P
Birdella,P
Blossom,P
Carmela,P
Carolyne,P
Cilla,P
Denise,P
Dorthea,P
Eleonore,P
Fairy,P
Fannye,P
Franc,P
Francina,P
Francisca,P
Genevra,P
Helga,P
Iza,P
Jeanetta,P
Jeannie,P
Jerusha,P
Lisette,P
Loda,P
Luda,P
Lynda,P
Marget,P
Mariam,P
Modena,P
Nanna,P
Nelie,P
Olena,P
Lelar,P
Matilde,P
Simona,P
Thora,P
Angelita,P
Berenice,P
Dagmar,P
Dina,P
Ema,P
Florine,P
Loraine,P
Maida,P
Missie,P
Arline,P
Beatrix,P
Dorathea,P
Elenor,P
Gertha,P
Lesta,P
Rebekah,P
Almina,P
Arlena,P
Dot,P
Elfie,P
Ermine,P
Francisqui,P
Georgeanna,P
Glendora,P
Leontine,P
Leva,P
Litha,P
Luberta,P
Marianna,P
Parlee,P
Pearla,P
Sister,P
Thresa,P
Alene,P
Alverda,P
Antonette,P
Argie,P
Arkie,P
Arletta,P
Bea,P
Bettye,P
Cappie,P
Caro,P
Cloe,P
Corene,P
Deetta,P
Elberta,P
Ether,P
Felicie,P
Frederica,P
Hellen,P
Icey,P
Ines,P
Junia,P
Laney,P
Lassie,P
Lockie,P
Lossie,P
Lovey,P
Marianita,P
Mattye,P
Rubie,P
Milly,P
Pluma,P
Ruie,P
Vira,P
Cleva,P
Gennie,P
Sadye,P
Vennie,P
Zettie,P
Clevie,P
Ferne,P
Maebelle,P
Maxine,P
Pearly,P
Savanah,P
Savilla,P
Valerie,P
Violetta,P
Adelina,P
Alzina,P
Annice,P
Beda,P
Clarabelle,P
Fleda,P
Goldia,P
Laila,P
Leala,P
Lilah,P
Lyla,P
Naoma,P
Nealy,P
Olivine,P
Rutha,P
Sussie,P
Theodocia,P
Vassie,P
Zina,P
Aurore,P
Beth,P
Channie,P
Freida,P
Georganna,P
Izetta,P
Kathern,P
Lady,P
Lala,P
Lilia,P
Lurana,P
Mozelle,P
Norine,P
Oney,P
Clotilde,P
Nova,P
Myrna,P
Medora,P
Hildur,P
Imo,P
Ragna,P
Vinie,P
Emmy,P
Hildegarde,P
Octa,P
Aurilla,P
Beula,P
Lera,P
Macy,P
Margrett,P
Melina,P
Pheobe,P
Alvira,P
Clella,P
Cornie,P
Dorotha,P
Dorthy,P
Dosia,P
Enid,P
Essa,P
Evelena,P
Genoveva,P
Greta,P
Ica,P
Ilma,P
Lalla,P
Lana,P
Leonor,P
Lolla,P
Lorna,P
Vergie,P
Mossie,P
Manuelita,P
Oline,P
Ima,P
Janey,P
Villa,P
Clytie,P
Ermina,P
Hertha,P
Margaretha,P
Melanie,P
Metha,P
Pricilla,P
Sigrid,P
Thekla,P
Berniece,P
Betha,P
Florie,P
Hilah,P
Isla,P
Judie,P
Lethia,P
Louisiana,P
Rubye,P
Silvia,P
Zelpha,P
Alwilda,P
Angele,P
Verlie,P
Zelia,P
Gunda,P
Octavie,P
Orelia,P
Retha,P
Signe,P
Anice,P
Carlota,P
Lurline,P
Luz,P
Opha,P
Ura,P
Vicie,P
Alwine,P
Carmelita,P
Clemma,P
Elia,P
Eloisa,P
Eppie,P
Gustie,P
Hazle,P
Lu,P
Ebba,P
Margarete,P
Myrle,P
Nadine,P
Pallie,P
Betsey,P
Cleta,P
Filomena,P
Orra,P
Arlene,P
Margretta,P
Pairlee,P
Zana,P
Francies,P
Marjory,P
Roxana,P
Cressie,P
Erla,P
Herma,P
Oliva,P
Rosalind,P
Chessie,P
Daphne,P
Lulah,P
Marvel,P
Monnie,P
Noemie,P
Gregoria,P
Josefina,P
Fleeta,P
Madaline,P
Hildred,P
Sibbie,P
Verena,P
Bernardine,P
Gerda,P
Hazelle,P
Nobie,P
Reva,P
Vonnie,P
Ethie,P
Jessye,P
Jetta,P
Signa,P
Delcie,P
Hildegard,P
Treva,P
Violette,P
Sylva,P
Twila,P
Concetta,P
Idabelle,P
Lulla,P
Mira,P
Nila,P
Olar,P
Velva,P
Yvonne,P
Evia,P
Willia,P
Dortha,P
Else,P
Freeda,P
Versa,P
Ilah,P
Maurine,P
Vernice,P
Elmyra,P
Madelyn,P
Cannie,P
Carmella,P
Cliffie,P
Ever,P
Leafy,P
Olinda,P
Virdie,P
Allena,P
Clotilda,P
Elida,P
Elvera,P
Fae,P
Josefita,P
Lurena,P
Versie,P
Vivien,P
Melba,P
Alline,P
Elfreda,P
Verla,P
Ouida,P
Flonnie,P
Palma,P
Consuelo,P
Lorine,P
Venus,P
Hasel,P
Noma,P
Virgia,P
Alleen,P
Mavis,P
Nelda,P
Trilby,P
Adel,P
Buelah,P
Milda,P
Velda,P
Bernetta,P
Neoma,P
Gaynell,P
Laurette,P
Coletta,P
Zela,P
Zeta,P
Manila,P
Manilla,P
Cuba,P
Earline,P
Vlasta,P
Jacqueline,P
Onnie,P
Vara,P
Alena,P
Ilo,P
Imelda,P
Ardis,P
Delores,P
Irva,P
Gwen,P
Tomasa,P
Veta,P
Berneice,P
Lempi,P
Eathel,P
Marybelle,P
Chrystal,P
Elvia,P
Ilene,P
Margarite,P
Marianne,P
Odette,P
Antonina,P
Delsie,P
Portia,P
Reatha,P
Aleen,P
Almeta,P
Lilyan,P
Jaunita,P
Luvinia,P
Alvera,P
Allean,P
Dagny,P
Leoma,P
Oleta,P
Trula,P
Ethyle,P
Ingeborg,P
Jeane,P
Laurine,P
Lorean,P
Marge,P
Margueritta,P
Mozell,P
Norene,P
Oneta,P
Lolita,P
Elouise,P
Cathleen,P
Bette,P
Earnestine,P
Florene,P
Laverna,P
Rafaela,P
Thyra,P
Loyce,P
Cleda,P
Pearline,P
Ceola,P
Lavera,P
Marcelle,P
Romaine,P
Rosalyn,P
Augustina,P
Bonita,P
Dominga,P
Girtha,P
Isobel,P
Anona,P
Syble,P
Edris,P
Santa,P
Theola,P
Veola,P
Ceil,P
Madlyn,P
Vernia,P
Ellamae,P
Irine,P
Linnea,P
Madalyn,P
Roslyn,P
Edrie,P
Vincenza,P
Yolanda,P
Edra,P
Orma,P
Ilda,P
Ardath,P
Renee,P
Astrid,P
Beadie,P
Doretha,P
Neola,P
Vela,P
Wava,P
Evelyne,P
Dimple,P
Annamae,P
Elease,P
Williemae,P
Rosaline,P
Charline,P
Charlene,P
Joanne,P
Theta,P
Deloris,P
Maureen,P
Rosabelle,P
Gilda,P
Herminia,P
Afton,P
Margurite,P
Clydie,P
Izola,P
Rosemarie,P
Arnetta,P
Gladyce,P
Floretta,P
Merna,P
Nedra,P
Clementina,P
Launa,P
Sonia,P
Aili,P
Gladis,P
Alease,P
Madonna,P
Azalee,P
Colleen,P
Darlene,P
Macel,P
Cleola,P
Loree,P
Stephania,P
Joann,P
Antonetta,P
Arietta,P
Vivienne,P
Elinore,P
Benita,P
Glenda,P
Earlene,P
Arleen,P
Blanchie,P
Vilma,P
Erline,P
Felice,P
Georgette,P
Yvette,P
Assunta,P
Helyn,P
Lavonne,P
Audry,P
Dorathy,P
Stasia,P
Vita,P
Jayne,P
Maebell,P
Mafalda,P
Olympia,P
Masako,P
Stacia,P
Domenica,P
Ingrid,P
Wynona,P
Bernita,P
Carole,P
Elenore,P
Waneta,P
Esperanza,P
Madelene,P
Roselyn,P
Kathlyn,P
Ardith,P
Venita,P
Santina,P
Maryjane,P
Orene,P
Noreen,P
Antionette,P
Margot,P
Dawn,P
Lahoma,P
Alexandra,P
Maryellen,P
Ruthe,P
Cleone,P
Kathaleen,P
Aldona,P
Janis,P
Christeen,P
Dorine,P
Caryl,P
Francine,P
Rosaria,P
Erlene,P
Georgetta,P
Olene,P
Sheila,P
Georgene,P
Yoshiko,P
Delora,P
Lavelle,P
Idamae,P
Michelina,P
Catalina,P
Liberty,P
Victory,P
Beverley,P
Laurene,P
Marilynn,P
Jeraldine,P
Marylou,P
Jacquelyn,P
Oneida,P
Concha,P
Marina,P
Doreen,P
Haruko,P
Felipa,P
Socorro,P
Elois,P
Toshiko,P
Carlene,P
Fumiko,P
Soledad,P
Gearldine,P
Shirlee,P
Merry,P
Clarine,P
Lorayne,P
Marlene,P
Kiyoko,P
Elwanda,P
Elayne,P
Darline,P
Arlyne,P
Marlys,P
Mardell,P
Willene,P
Inell,P
Venice,P
Ofelia,P
Peggie,P
Beatriz,P
Rochelle,P
Leatrice,P
Billye,P
Darleen,P
Hortencia,P
Ethelene,P
Marylouise,P
Eris,P
Bettyjane,P
Penny,P
Dorene,P
Toni,P
Lynette,P
Vonda,P
Amparo,P
Bebe,P
Phylis,P
Bettylou,P
Wanita,P
Marceline,P
Vernelle,P
Ernestina,P
Doloris,P
Delois,P
Nanette,P
Ardelle,P
Natalia,P
Estela,P
Sherry,P
Twyla,P
Jacquelin,P
Enriqueta,P
Bobbye,P
Patti,P
Lorrayne,P
Janell,P
Ladonna,P
Nada,P
Carla,P
Evangelina,P
Willodean,P
Charleen,P
Coleen,P
Illa,P
Shirlie,P
Ailene,P
Erlinda,P
Lita,P
Marilou,P
Lawanda,P
Charmaine,P
Cherie,P
Sonya,P
Raquel,P
Hortensia,P
Valencia,P
Jocelyn,P
Kazuko,P
Joye,P
Lidia,P
Roseann,P
Earlean,P
Jeannine,P
Romona,P
Jeanine,P
Joline,P
Felicitas,P
Carma,P
Marva,P
Colette,P
Sondra,P
Marilee,P
Jolene,P
Jovita,P
Dorla,P
Dianne,P
Margy,P
Velia,P
Margene,P
Beverlee,P
Maryanne,P
Joycelyn,P
Merlene,P
Oralia,P
Sydell,P
Jill,P
Ardeth,P
Armida,P
Marylin,P
Sonja,P
Laquita,P
Julianne,P
Nannette,P
Margo,P
Claudette,P
Arla,P
Charlsie,P
Marylyn,P
Mitzi,P
Patrica,P
Eartha,P
Herlinda,P
Trudy,P
Verdell,P
Joretta,P
Marsha,P
Verlene,P
Lynne,P
Mariann,P
Joetta,P
Rosanne,P
Belia,P
Janelle,P
Merilyn,P
Ardyce,P
Rosita,P
Celine,P
Carleen,P
Carolee,P
Dian,P
Dorthey,P
Kathy,P
Marita,P
Thomasina,P
Marta,P
Thalia,P
Nira,P
Sharlene,P
Rheta,P
Jerrie,P
Ginger,P
Jacklyn,P
Elissa,P
Paulette,P
Monna,P
Joellen,P
Lavona,P
Bonny,P
Luanne,P
Saundra,P
Luann,P
Pearlene,P
Nancie,P
Shirlene,P
Marcelina,P
Vicki,P
Karol,P
Louann,P
Alison,P
Marylee,P
Sharron,P
Cathy,P
Darla,P
Norita,P
Gaye,P
Jeri,P
Loris,P
Shirleyann,P
Carolynn,P
Marla,P
Evonne,P
Darlyne,P
Vernetta,P
Rhonda,P
Shelba,P
Shelva,P
Deanna,P
Karla,P
Tanya,P
Annmarie,P
Wendy,P
Ruthann,P
Sherrie,P
Carolann,P
Evon,P
Sheryl,P
Jacquline,P
Karlene,P
Glennis,P
Karin,P
Marleen,P
Roxanne,P
Harlene,P
Annamarie,P
Jacque,P
Maralyn,P
Shari,P
Larae,P
Gayla,P
Deanne,P
Dianna,P
Simone,P
Leilani,P
Vickie,P
Diann,P
Karolyn,P
Deann,P
Noretta,P
Shelvia,P
Shelvie,P
Shelia,P
Janyce,P
Jonell,P
Marolyn,P
Mimi,P
Noreta,P
Roseanne,P
Lorelei,P
Vicky,P
Helaine,P
Maryjo,P
Deana,P
Janine,P
Ronda,P
Leanne,P
Cindy,P
Judi,P
Karel,P
Karon,P
Glynda,P
Tamara,P
Suzann,P
Fran,P
Nanci,P
April,P
Hedy,P
Mari,P
Jannette,P
Jerri,P
Heidi,P
Dotty,P
Suellen,P
Lonna,P
Kathie,P
Ilona,P
Laraine,P
Susann,P
Rona,P
Sharen,P
Lynnette,P
Scarlett,P
Belinda,P
Pam,P
Ruthanne,P
Juliann,P
Sherron,P
Donita,P
Georgiann,P
Jerilyn,P
Sharyn,P
Sherri,P
Suzan,P
Nyla,P
Trina,P
Judyth,P
Nikki,P
Sheri,P
Jana,P
Adrianne,P
Georgeann,P
Terri,P
Caren,P
Kristine,P
Geri,P
Jerilynn,P
Karan,P
Rosann,P
Cheri,P
Leann,P
Phyliss,P
Merrily,P
Melody,P
Kaaren,P
Cassandra,P
Aloma,P
Cathie,P
Sandi,P
Ronna,P
Karren,P
Jerrilyn,P
Sheron,P
Pauletta,P
Merrilee,P
Terrie,P
Tonya,P
Sunny,P
Karyn,P
Ginny,P
Charla,P
Tana,P
Charolette,P
Marcy,P
Cheryle,P
Kathi,P
Karyl,P
Candy,P
Sherryl,P
Luana,P
Rozanne,P
Carlyn,P
Jacquelynn,P
Caron,P
Suzette,P
Dorinda,P
Teri,P
Alana,P
Danna,P
Maribeth,P
Pamala,P
Rosalinda,P
Elyse,P
Pamella,P
Bobbi,P
Corliss,P
Cheryll,P
Graciela,P
Sherilyn,P
Deirdre,P
Gerri,P
Glinda,P
Mickie,P
Marybeth,P
Cherrie,P
Laureen,P
Patrice,P
Aleta,P
Candice,P
Kristina,P
Vickey,P
Nicki,P
Deena,P
Janeen,P
Meryl,P
Bettina,P
Robyn,P
Sharyl,P
Erica,P
Lani,P
Leslee,P
Deidre,P
Katrina,P
Kristi,P
Cherryl,P
Dayle,P
Randi,P
Lori,P
Jacalyn,P
Starr,P
Kendra,P
Suzanna,P
Debby,P
Valarie,P
Melodie,P
Annemarie,P
Michaele,P
Janna,P
Trudi,P
Sandie,P
Daria,P
Vikki,P
Rachelle,P
Tonia,P
Marcie,P
Candis,P
Shiela,P
Regenia,P
Debora,P
Maura,P
Caryn,P
Kristie,P
Lizabeth,P
Regena,P
Denice,P
Drema,P
Shirleen,P
Cathey,P
Cristina,P
Lyndia,P
Blanca,P
Fonda,P
Renae,P
Kathlene,P
Loreen,P
Shauna,P
Sharman,P
Valorie,P
Sanjuanita,P
Bethany,P
Christa,P
Sanjuana,P
Candyce,P
Lorrie,P
Tara,P
Pamelia,P
Kristy,P
Collette,P
Roxann,P
Debrah,P
Mindy,P
Krista,P
Leticia,P
Terese,P
Mara,P
Nicolette,P
Vanessa,P
Merrie,P
Debbra,P
Jenifer,P
Lourdes,P
Geralyn,P
Jaclyn,P
Sharleen,P
Lorie,P
Allyson,P
Angelia,P
Jann,P
Joleen,P
Christi,P
Esmeralda,P
Teena,P
Gwenda,P
Rhona,P
Brinda,P
Pandora,P
Jodi,P
Kimberley,P
Megan,P
Lauri,P
Paige,P
Deborrah,P
Joette,P
Lise,P
Jacqulyn,P
Milagros,P
Marlena,P
Roxane,P
Ellyn,P
Debera,P
Joni,P
Cindi,P
Tricia,P
Brooke,P
Doretta,P
Lorri,P
Danette,P
Marci,P
Alisa,P
Kari,P
Lesa,P
Francesca,P
Lanette,P
Sharla,P
Kimberlee,P
Zandra,P
Sheree,P
Sabrina,P
Valinda,P
Sherie,P
Joanie,P
Starla,P
Merri,P
Kerri,P
Leeann,P
Vernita,P
Cherri,P
Bambi,P
Renita,P
Janel,P
Desiree,P
Denese,P
Roni,P
Sheilah,P
Athena,P
Jeryl,P
Danita,P
Gisele,P
Sherree,P
Debi,P
Kandy,P
Felecia,P
Migdalia,P
Dayna,P
Debbi,P
Debroah,P
Jaye,P
Monique,P
Tami,P
Taryn,P
Lorinda,P
Moira,P
Melodee,P
Sheryll,P
Trena,P
Noemi,P
Leesa,P
Marisa,P
Dawna,P
Tracie,P
Dani,P
Sheena,P
Dara,P
Kelli,P
Shawna,P
Barb,P
Kathey,P
Kellie,P
Wendi,P
Gaylene,P
Liz,P
Jeanna,P
Kara,P
Leisa,P
Chandra,P
Dori,P
Jami,P
Meg,P
Maritza,P
Stacie,P
Glynis,P
Juli,P
Babette,P
Tammie,P
Tamera,P
Tamra,P
Traci,P
Tammi,P
Deb,P
Tamela,P
Cyndi,P
Gabrielle,P
Cathi,P
Erika,P
Candi,P
Jacki,P
Nilda,P
Keri,P
Sarita,P
Tia,P
Bridgette,P
Tamie,P
Brigitte,P
Suzy,P
Kirsten,P
Tambra,P
Missy,P
Gigi,P
Perri,P
Karrie,P
Lissa,P
Lanita,P
Suzie,P
Bev,P
Alyson,P
Tresa,P
Kandi,P
Bridgett,P
Cari,P
Tori,P
Alesia,P
Ivette,P
Kerrie,P
Renea,P
Angelica,P
Liane,P
Shelli,P
Lesia,P
Penni,P
Tonja,P
Keely,P
Melisa,P
Tari,P
Deedee,P
Kayla,P
Lisha,P
Misty,P
Deidra,P
Leisha,P
Elana,P
Adriana,P
Loriann,P
Tania,P
Dedra,P
Evette,P
Latanya,P
Fawn,P
Risa,P
Krystal,P
Deeann,P
Johnna,P
Velvet,P
Corina,P
Jeana,P
Angelique,P
Marnita,P
Jonna,P
Machelle,P
Maribel,P
Barbie,P
Loria,P
Gwyn,P
Shanna,P
Monika,P
Trisha,P
Alecia,P
Janene,P
Latonya,P
Staci,P
Stefanie,P
Melonie,P
Marisol,P
Aretha,P
Marti,P
Darci,P
Adriene,P
Dawne,P
Charisse,P
Shirl,P
Lesli,P
Jena,P
Brigette,P
Tamala,P
Shana,P
Delisa,P
Maricela,P
Alyssa,P
Michell,P
Tonda,P
Richelle,P
Jeanmarie,P
Marissa,P
Melony,P
Deneen,P
Mia,P
Kecia,P
Djuna,P
Djuana,P
Noelle,P
Renata,P
Tessa,P
Anjanette,P
Denine,P
Daneen,P
Holli,P
Kimberli,P
Linette,P
Christal,P
Alisha,P
Elaina,P
Karri,P
Delinda,P
Tyra,P
Tawana,P
Marnie,P
Dionne,P
Kimberlie,P
Gabriela,P
Casandra,P
Marni,P
Tangela,P
Kimberely,P
Shanda,P
Demetria,P
Lavonda,P
Natasha,P
Mechelle,P
Shonda,P
Yolonda,P
Brigid,P
Julianna,P
Carin,P
Keli,P
Gia,P
Latricia,P
Lizette,P
Cristine,P
Bethann,P
Tabatha,P
Joelle,P
Lara,P
Sonji,P
Tamatha,P
Tasha,P
Tatia,P
Gidget,P
Latonia,P
Brandi,P
Nichole,P
Alissa,P
Demetra,P
Joell,P
Inger,P
Caprice,P
Denita,P
Mellissa,P
Lia,P
Catrina,P
Milissa,P
Sunday,P
Meghan,P
Andria,P
Nichelle,P
Cami,P
Anissa,P
Josette,P
Lissette,P
Adriane,P
Windy,P
Kami,P
Buffy,P
Karie,P
Keisha,P
Wende,P
Tawnya,P
Danelle,P
Misti,P
Tisha,P
Larissa,P
Darcie,P
Mayra,P
Sebrina,P
Ericka,P
Towanda,P
Michaela,P
Cristy,P
Cherise,P
Tanja,P
Carie,P
Carri,P
Tiffani,P
Coretta,P
Tamiko,P
Tamika,P
Chantel,P
Shannan,P
Kristal,P
Davina,P
Kirstin,P
Latrice,P
Jolie,P
Cristi,P
Cori,P
Araceli,P
Stephenie,P
Melissia,P
Chantal,P
Corrina,P
Gillian,P
Rolanda,P
Nicola,P
Kellee,P
Shani,P
Chanda,P
Cinnamon,P
Chelsea,P
Ami,P
Racquel,P
Nicolle,P
Autumn,P
Kisha,P
Latasha,P
Shonna,P
Christin,P
Latisha,P
Dione,P
Jada,P
Kyra,P
Mindi,P
Shona,P
Mellisa,P
Christen,P
Alexandria,P
Sharonda,P
Julissa,P
Karina,P
Kira,P
Tawanda,P
Marisela,P
Terra,P
Lashonda,P
Tera,P
Toya,P
Carissa,P
Stefani,P
Kesha,P
Tisa,P
Maya,P
Angella,P
Tiffanie,P
Trista,P
Raina,P
Crista,P
Kristan,P
Tawanna,P
Niki,P
Serina,P
Shawnda,P
Tosha,P
Christel,P
Tracee,P
Dyan,P
Tanisha,P
Chantelle,P
Stephany,P
Treena,P
Yesenia,P
Candida,P
Tarsha,P
Tameka,P
Ayanna,P
Jenni,P
Brandie,P
Shantel,P
Ebony,P
Shayla,P
Kia,P
Alysia,P
Summer,P
Jenna,P
Latoya,P
Cristal,P
Shanta,P
Shalonda,P
Angelic,P
Brenna,P
Alycia,P
Damaris,P
Consuela,P
Lashanda,P
Adria,P
Lasonya,P
Shara,P
Katina,P
Catina,P
Cher,P
Lakisha,P
Chastity,P
Nikole,P
Contina,P
Chiquita,P
Chasity,P
Nichol,P
Brandee,P
Camisha,P
Lakesha,P
Anika,P
Cherilyn,P
Alejandra,P
Lakeisha,P
Latosha,P
Keena,P
Sasha,P
Nikita,P
Cristin,P
Rocio,P
Tomika,P
Tomeka,P
Racheal,P
Griselda,P
Keesha,P
Liliana,P
Stephaine,P
Bree,P
Latrina,P
Felisha,P
Layla,P
Celena,P
Jenniffer,P
Rebeca,P
Sherita,P
Kori,P
Alethea,P
Carly,P
Aisha,P
Cicely,P
Anitra,P
Bianca,P
Vonetta,P
Latarsha,P
Nyree,P
Alexa,P
Fatima,P
Keshia,P
Daniela,P
Danyelle,P
Mendy,P
Charissa,P
Shantell,P
Marquita,P
Briana,P
Chanel,P
Danyell,P
Sunshine,P
Nia,P
Nikia,P
Jamila,P
Tanika,P
Brande,P
Meagan,P
Jasmin,P
Maranda,P
Lakeshia,P
Kyla,P
Syreeta,P
Luciana,P
Tobi,P
Alanna,P
Mistie,P
Tamica,P
Carisa,P
Cherish,P
Cecily,P
Haley,P
Mandi,P
Daniele,P
Tamisha,P
Tanesha,P
Danyel,P
Gabriella,P
Tiana,P
Mandie,P
Harmony,P
Shameka,P
Spring,P
Destiny,P
Nakisha,P
Tamekia,P
Ayana,P
Rashida,P
Yadira,P
Alesha,P
Kacey,P
Shawanda,P
Shamika,P
Takisha,P
Pepper,P
Kandice,P
Alina,P
Meggan,P
Farrah,P
Tennille,P
Nadia,P
Rhiannon,P
Jillian,P
January,P
Khalilah,P
Janae,P
Jaimee,P
Farah,P
Chana,P
Sommer,P
Shayna,P
Shasta,P
Torrie,P
Ashlee,P
Carina,P
Chaka,P
Trish,P
Rayna,P
Brianna,P
Eboni,P
Kenisha,P
Caitlin,P
Latoria,P
Torie,P
Venessa,P
Shanika,P
Shandra,P
Kizzy,P
Qiana,P
Talia,P
Hayley,P
Shawnte,P
Shante,P
Salena,P
Liana,P
Quiana,P
Kamilah,P
Shalon,P
Latesha,P
Iesha,P
Brittney,P
Danica,P
Jenelle,P
Yasmin,P
Lashunda,P
Malia,P
Adrianna,P
Tarah,P
Tenisha,P
Shawnna,P
Chante,P
Karissa,P
Corie,P
Chrissy,P
Kylie,P
Aja,P
Meghann,P
Crissy,P
Meaghan,P
Shavon,P
Brianne,P
Krissy,P
Shavonne,P
Lacie,P
Shanita,P
Desirae,P
Abbey,P
Lyndsey,P
Shaunna,P
Marlana,P
Ariane,P
Kylee,P
Sierra,P
Leia,P
Natosha,P
Ariana,P
Somer,P
Ashleigh,P
Star,P
Alaina,P
Casie,P
Kindra,P
Precious,P
Kiana,P
Winter,P
Viviana,P
Breanne,P
Siobhan,P
Maren,P
Kylene,P
Breanna,P
Ashanti,P
Asia,P
Lyndsay,P
Sharee,P
Kacy,P
Princess,P
Ayesha,P
Rikki,P
Lynsey,P
Shaneka,P
Linsey,P
Loni,P
Perla,P
Kristyn,P
Anya,P
Mariana,P
Renada,P
Kacie,P
Britney,P
Reyna,P
Chimere,P
Kaci,P
Brynn,P
Laci,P
Tai,P
Ashlie,P
Jessi,P
Tatiana,P
Kati,P
Krystle,P
Tierra,P
Tiara,P
Fallon,P
Evita,P
Kaitlin,P
Martine,P
Kassandra,P
Jesica,P
Alexia,P
Toccara,P
Latoyia,P
Tashina,P
Chaya,P
Joi,P
Daniella,P
Katelyn,P
Kandace,P
Shanell,P
Kourtney,P
Nereida,P
Jazmin,P
Chelsey,P
Kaleena,P
Kala,P
Kassie,P
Jenilee,P
Emilee,P
Cassondra,P
Shaina,P
Shakira,P
Ciara,P
Hailey,P
Kali,P
Shena,P
Falon,P
Tawny,P
Arielle,P
Ashly,P
Chelsie,P
Tenika,P
Sharita,P
Cristen,P
Tabetha,P
Krysta,P
Carley,P
Arianna,P
Mallory,P
Kaitlyn,P
Ciji,P
Ashely,P
Giselle,P
Tess,P
Maegan,P
Echo,P
Dwan,P
Britni,P
Ashli,P
Paola,P
Ashlea,P
Caitlyn,P
Tyesha,P
Ayesha,P
Brittani,P
Tasia,P
Grisel,P
Kaylee,P
Shenna,P
Teela,P
Savanna,P
Breann,P
Mckenzie,P
Janessa,P
Kasandra,P
Markita,P
Karly,P
Magen,P
Dannielle,P
Cierra,P
Sade,P
Krystina,P
Micaela,P
Ciera,P
Brittni,P
Kayleigh,P
Britany,P
Alyse,P
Deandra,P
Brittny,P
Kaley,P
Alysha,P
Jazmine,P
Shaquita,P
Krysten,P
Brittanie,P
Krystin,P
Magan,P
Katelin,P
Violeta,P
Kasie,P
Jessika,P
Kelsie,P
Mariel,P
Shira,P
Jaqueline,P
Amberly,P
Samatha,P
Eliana,P
Kaleigh,P
Nakita,P
Phylicia,P
Brittaney,P
Katlyn,P
Shardae,P
Jerrica,P
Porsha,P
Britta,P
Sharde,P
Cherrelle,P
Katelynn,P
Mallorie,P
Cherelle,P
Malorie,P
Sable,P
Kaila,P
Ashlyn,P
Shanae,P
Sharday,P
Fabiola,P
Iliana,P
Kyrie,P
Leandra,P
Shatara,P
Kortney,P
Janay,P
Ayla,P
Cayla,P
Yessenia,P
Skye,P
Kelsi,P
Jerica,P
Tiera,P
Jesenia,P
Kaela,P
Karli,P
Porsche,P
Kalyn,P
Chanelle,P
Alessandra,P
Lakendra,P
Lauryn,P
Kaycee,P
Kailey,P
Denisse,P
Jessenia,P
Anjelica,P
Sarai,P
Tianna,P
Kaylin,P
Kaylyn,P
Denisha,P
Stephani,P
Kaylie,P
Danae,P
Shanice,P
Jaleesa,P
Jalisa,P
Whitley,P
Deja,P
Taja,P
Chelsi,P
Genesis,P
Katlin,P
Kimber,P
Brittnee,P
Kierra,P
Alexandrea,P
Anais,P
Allyssa,P
Kiersten,P
Breana,P
Diandra,P
Sarina,P
Lizbeth,P
Kiera,P
Katarina,P
Jalissa,P
Hali,P
Carli,P
Tiarra,P
Grecia,P
Moriah,P
Kaitlynn,P
Brittnie,P
Flor,P
Elizabet,P
Alexandr,P
Britny,P
Katherin,P
Mikayla,P
Audrianna,P
Kirstie,P
Asha,P
Kallie,P
Kelsea,P
Bryanna,P
Audriana,P
Danika,P
Gianna,P
Makayla,P
Martika,P
Mikaela,P
Destinee,P
Brittnay,P
Yajaira,P
Yasmine,P
Shaniqua,P
Shanelle,P
Lizeth,P
Joana,P
Ryann,P
Isamar,P
Latifah,P
Kanisha,P
Rubi,P
Mariela,P
Symone,P
Ivana,P
Heaven,P
Lucero,P
Shelbi,P
Alysa,P
Dulce,P
Brooklyn,P
Nataly,P
Imani,P
Kalie,P
Alannah,P
Fiona,P
Kanesha,P
Laken,P
Haleigh,P
Eryn,P
Elyssa,P
Shelbie,P
Demi,P
Ieshia,P
Makenzie,P
Shanequa,P
Karlee,P
Haylee,P
Cheyanne,P
Estefania,P
Halie,P
Chynna,P
Karlie,P
Stormy,P
Delaney,P
Carlee,P
Kailee,P
Alayna,P
Mckenna,P
Shaquana,P
Tiesha,P
Brielle,P
Marcela,P
Myranda,P
Miriah,P
Alexus,P
Kelcie,P
Emerald,P
Giovanna,P
Bryana,P
China,P
Essence,P
Bria,P
Aracely,P
Aubree,P
Chelsy,P
Miesha,P
Cinthia,P
Brianda,P
Hailee,P
Karley,P
Ashlynn,P
Macey,P
Tatyana,P
Shawnee,P
Brea,P
Joselyn,P
Ivonne,P
Katerina,P
Marlee,P
Breonna,P
Shaniece,P
Kaylynn,P
Kinsey,P
Kenia,P
Destini,P
Kayley,P
Lexus,P
Selene,P
Yaritza,P
Khadijah,P
Kadijah,P
Halle,P
Brionna,P
Destiney,P
Jazmyn,P
Yazmin,P
Itzel,P
Kassidy,P
Coraima,P
Shannen,P
Kailyn,P
Kalene,P
Katlynn,P
Lexi,P
Deyanira,P
Yasmeen,P
Shyanne,P
Viridiana,P
Kaylene,P
Crysta,P
Reina,P
Alondra,P
Kayli,P
Nayeli,P
Jasmyn,P
Aspen,P
Jasmyne,P
Paloma,P
Eleni,P
Hana,P
Aaliyah,P
Aliyah,P
Dalia,P
Zhane,P
Mckayla,P
Clarisa,P
Mikala,P
Dayana,P
Maddison,P
Kianna,P
Kenzie,P
Bailee,P
Sydnee,P
Haylie,P
Nohely,P
Makenna,P
Vanesa,P
Cydney,P
Aleah,P
Shyann,P
Valentina,P
Caitlynn,P
Tatum,P
Adilene,P
Isis,P
Tatianna,P
Baylee,P
Shania,P
Jocelyne,P
Daisha,P
Kaelyn,P
Jayla,P
Dasia,P
Emely,P
Sydni,P
Abbigail,P
Miracle,P
Zoey,P
Unique,P
Iridian,P
Brooklynn,P
Alia,P
Keanna,P
Alivia,P
Daija,P
Sydnie,P
Fernanda,P
Daja,P
Lesly,P
Annika,P
Kyleigh,P
Sienna,P
Ciarra,P
Maci,P
Destany,P
Tamia,P
Moesha,P
Odalys,P
Yamilex,P
Zaria,P
Mireya,P
Alize,P
Xena,P
Dania,P
Katia,P
Maia,P
Amani,P
Shianne,P
Madisen,P
Odalis,P
Kaylah,P
Sarahi,P
Jailene,P
Jazlyn,P
Alyssia,P
Chyna,P
Estefany,P
Ansley,P
Madyson,P
Jaycie,P
Jacey,P
Lexis,P
Daijah,P
Joslyn,P
Dejah,P
Yulissa,P
Anahi,P
Aylin,P
Julisa,P
Salma,P
Madisyn,P
Erykah,P
Gisselle,P
Raegan,P
Tea,P
Estrella,P
Jayda,P
Rylie,P
Makala,P
Taya,P
Kaylan,P
Camila,P
Annalise,P
Jazmyne,P
Keeley,P
Shaylee,P
Savana,P
Madelynn,P
Micayla,P
Maeve,P
Nautica,P
Cali,P
Serenity,P
Yulisa,P
Baylie,P
Samara,P
Mya,P
Ally,P
Myah,P
Reanna,P
Madilyn,P
Felicity,P
Ireland,P
Skyla,P
Willow,P
Jaida,P
Abigayle,P
Jaelyn,P
Rhianna,P
Amira,P
Shae,P
Zoie,P
Caleigh,P
Abril,P
Deasia,P
Kaylen,P
Tayla,P
Alexys,P
Jaycee,P
Jayde,P
Kennedi,P
Amaya,P
Piper,P
Aniya,P
Noelia,P
Kiarra,P
Shaniya,P
Keara,P
Emmalee,P
Aiyana,P
Miya,P
Jalyn,P
Nyasia,P
Aniyah,P
Jaylene,P
Kyara,P
Citlalli,P
Abigale,P
Isabela,P
Tatyanna,P
Journey,P
Ryleigh,P
Aliya,P
Sky,P
Shyla,P
Bryn,P
Abagail,P
Izabella,P
Nya,P
Saige,P
Jakayla,P
Litzy,P
Brisa,P
Amya,P
Jackeline,P
Kaya,P
Jaquelin,P
Hailie,P
Nyah,P
Amara,P
Dariana,P
Yamilet,P
Monserrat,P
Cielo,P
Aryanna,P
Anaya,P
Arely,P
Kaia,P
Maryam,P
Anjali,P
Lilliana,P
Amiya,P
Belen,P
Aliza,P
Keira,P
Janiya,P
Ashtyn,P
Neha,P
Laisha,P
Amina,P
Jailyn,P
Kenna,P
Iyana,P
Maiya,P
Marlen,P
Nevaeh,P
Ainsley,P
Yuliana,P
Beyonce,P
Nayely,P
Johana,P
Nallely,P
Kaiya,P
Meadow,P
Makaila,P
Kya,P
Ximena,P
Jimena,P
Melany,P
Jamya,P
Taina,P
Aubrie,P
Frida,P
Kaliyah,P
Mikaila,P
Taliyah,P
Taniya,P
Citlali,P
Annabella,P
Dafne,P
Hayleigh,P
Yoselin,P
Areli,P
Madalynn,P
Priscila,P
Miah,P
Keila,P
Natalya,P
Jaylynn,P
Rianna,P
Sheyla,P
Aryana,P
Elle,P
Lisbeth,P
Evelin,P
Makena,P
Jaliyah,P
Keyla,P
Giana,P
Maleah,P
Shreya,P
Maliyah,P
Samira,P
Jalynn,P
Galilea,P
Riya,P
Cadence,P
Iyanna,P
Kiya,P
Jaylyn,P
Estefani,P
Yareli,P
Dayanara,P
Janiyah,P
Taniyah,P
Sanaa,P
Yahaira,P
Kadence,P
Amiyah,P
Tamya,P
Sherlyn,P
Natalee,P
Lainey,P
Angeles,P
Karyme,P
Arly,P
Saniya,P
Sariah,P
Kaydence,P
Alani,P
Amaris,P
Charlize,P
Kimora,P
Xiomara,P
Marin,P
Diya,P
Treasure,P
Aleena,P
Saniyah,P
Addyson,P
Karis,P
Gracelyn,P
Jaylee,P
Nathaly,P
Livia,P
Jayleen,P
Janiah,P
Gwyneth,P
Zariah,P
Averie,P
Heidy,P
Mikalah,P
Arleth,P
Karma,P
Siena,P
Jaelynn,P
Anabelle,P
Naima,P
Anneliese,P
Zara,P
Elliana,P
Kinsley,P
Selah,P
Jolette,P
Brylee,P
Myla,P
Yuridia,P
Montserrat,P
Valery,P
Lilianna,P
Leyla,P
Rihanna,P
Addisyn,P
Akeelah,P
Adison,P
Lilyana,P
Nathalia,P
Paisley,P
Yaretzi,P
Scarlet,P
Braelyn,P
Kamila,P
Cailyn,P
Bethzy,P
Adyson,P
Joselin,P
Mariyah,P
Kinley,P
Jaylah,P
Charlee,P
Adamaris,P
Malaya,P
Khloe,P
Amirah,P
Briley,P
Jorja,P
Rayne,P
Sanai,P
Dahlia,P
Lorelai,P
Neveah,P
Izabelle,P
Miley,P
Mylee,P
Jordin,P
Jaslene,P
Audrina,P
Azul,P
Marely,P
Shiloh,P
Madilynn,P
Jaeda,P
Jazlynn,P
Londyn,P
Giada,P
Adelyn,P
Jocelynn,P
Mylie,P
Adalyn,P
Aliana,P
Giuliana,P
Azaria,P
Zaniyah,P
Alyvia,P
Joseline,P
Kelis,P
Lillianna,P
Kylah,P
Hadassah,P
Allisson,P
Caylee,P
Mareli,P
Dayami,P
Alisson,P
Nylah,P
Jazlene,P
Adalynn,P
Jaslyn,P
Gemma,P
Lailah,P
Brynlee,P
Raelynn,P
Marlie,P
Anabella,P
Ariella,P
Kamora,P
Paityn,P
Payten,P
Amiah,P
Averi,P
Avah,P
Karsyn,P
Jamiya,P
Laylah,P
Carleigh,P
Kenley,P
Sloane,P
Elianna,P
Karachi,L
Lahore,L
Faisalabad,L
Rawalpindi,L
Multan,L
Hyderabad,L
Gujranwala,L
Peshawar,L
Rahim Yar Khan,L
Quetta,L
Muzaffarabad,L
Battagram,L
Kotli,L
Islamabad,L
Bahawalpur,L
Sargodha,L
Sialkot,L
Sukkur,L
Larkana,L
Shekhupura,L
Bhimbar,L
Jhang Sadr,L
Gujrat,L
Mardan,L
Malir Cantonment,L
Kasur,L
Mingora,L
Dera Ghazi Khan,L
Sahiwal,L
Nawabshah,L
Okara,L
Mirpur Khas,L
Chiniot,L
Shahkot,L
Kamoke,L
Saddiqabad,L
Burewala,L
Jacobabad,L
Muzaffargarh,L
Muridke,L
Jhelum,L
Shikarpur,L
Hafizabad,L
Kohat,L
Khanpur,L
Khuzdar,L
Dadu,L
Gojra,L
Mandi Bahauddin,L
Tando Allahyar,L
Daska Kalan,L
Pakpattan,L
Bahawalnagar,L
Bahawalnagar,L
Tando Adam,L
Khairpur Mir's,L
Chishtian,L
Abbottabad,L
Jaranwala,L
Ahmadpur East,L
Vihari,L
Kamalia,L
Kot Addu,L
Khushab,L
Wazirabad,L
Dera Ismail Khan,L
Chakwal,L
Swabi,L
Lodhran,L
Nowshera Cantonment,L
Charsadda,L
Jalalpur Jattan,L
Mianwali,L
Chaman,L
Kandhkot,L
Hasilpur,L
Arifwala,L
Mianke Mor,L
Attock City,L
Chichawatni,L
Bhakkar,L
Kharian,L
Layyah,L
Kambar,L
Moro,L
Mian Channun,L
Turbat,L
Shahdad Kot,L
Bhalwal,L
Dipalpur,L
Badin,L
Pano Aqil,L
Kotri,L
Tando Muhammad Khan,L
Harunabad,L
Pattoki,L
Chenab Nagar,L
Kahror Pakka,L
Gujar Khan,L
Kot Malik Barkhurdar,L
Chuchar-kana Mandi,L
Toba Tek Singh,L
Narowal,L
Shorkot,L
Shahdadpur,L
Shabqadar,L
Mansehra,L
Shujaabad,L
Haveli Lakha,L
Lala Musa,L
Mailsi,L
Shakargarh,L
Ghotki,L
Sibi,L
Jampur,L
Sambrial,L
Sanghar,L
Hujra Shah Muqim,L
Kabirwala,L
Chunian,L
Sangla Hill,L
Haripur,L
Nankana Sahib,L
Pasrur,L
Gwadar,L
Rajanpur,L
Rohri,L
Zhob,L
Matli,L
Rawala Kot,L
Hadali,L
Mirpur Mathelo,L
Bannu,L
Dullewala,L
Hala,L
Ratodero,L
Jatoi Shimali,L
Jauharabad,L
Bat Khela,L
Kot Radha Kishan,L
Kahna Nau,L
Mustafabad,L
Chak Thirty-one -Eleven Left,L
Talagang,L
Taunsa,L
Thatta,L
Sarai Alamgir,L
Usta Muhammad,L
Kamra,L
Umarkot,L
Basirpur,L
Sehwan,L
Naushahra Virkan,L
Fort Abbas,L
Havelian,L
Khairpur,L
Dinga,L
Ladhewala Waraich,L
Khalabat,L
New Badah,L
Tank,L
Kot Mumin,L
Tandlianwala,L
Chak Azam Sahu,L
Loralai,L
Jalalpur Pirwala,L
Pabbi,L
Chak Jhumra,L
Sahiwal,L
Renala Khurd,L
Risalpur Cantonment,L
Lakki,L
Topi,L
Hangu,L
Pir Jo Goth,L
Kundian,L
Pir Mahal,L
Khurrianwala,L
Mehrabpur,L
Pindi Bhattian,L
Malakwal City,L
Narang Mandi,L
Malakwal,L
Thul,L
Pindi Gheb,L
Zahir Pir,L
Dunyapur,L
Gambat,L
Kashmor,L
Alipur,L
Naudero,L
Pasni,L
Sukheke Mandi,L
Setharja Old,L
Khewra,L
Mamu Kanjan,L
Sharqpur Sharif,L
Digri,L
Bhera,L
Sakrand,L
Tando Jam,L
Raiwind,L
Lalian,L
Khairpur Tamewah,L
Kharan,L
Mehar,L
Khangah Dogran,L
Khairpur Nathan Shah,L
Upper Dir,L
Ghauspur,L
Tangi,L
Utmanzai,L
Thal,L
Minchianabad,L
Garh Maharaja,L
Jahanian Shah,L
Mastung,L
Mananwala,L
Fazilpur,L
Talamba,L
Kunjah,L
Jhawarian,L
Nasirabad,L
Nushki,L
Sita Road,L
Dijkot,L
Sillanwali,L
Kandiaro,L
Zaida,L
Kunri,L
Kalat,L
Daud Khel,L
Mitha Tiwana,L
Hazro City,L
Dunga Bunga,L
Aman Garh,L
Karor,L
Kot Diji,L
Kalur Kot,L
Murree,L
Faqirwali,L
Ahmadpur Sial,L
Phalia,L
Yazman,L
Raja Jang,L
Chak Five Hundred Seventy-five,L
Pishin,L
Chak One Hundred Twenty Nine Left,L
Chawinda,L
Ubauro,L
Mithi,L
Akora,L
Zafarwal,L
Kot Samaba,L
Eminabad,L
Kahuta,L
Ranipur,L
Kulachi,L
Khanpur Mahar,L
Hingorja,L
Naukot,L
Pind Dadan Khan,L
Kanganpur,L
Faruka,L
Kotli Loharan,L
Shahpur Chakar,L
Talhar,L
Pad Idan,L
Kot Ghulam Muhammad,L
Qadirpur Ran,L
Bela,L
Surkhpur,L
Dhoro Naro,L
Khangarh,L
Sarai Naurang,L
Gharo,L
Bhit Shah,L
Matiari,L
Dhanot,L
Warah,L
Lachi,L
Baddomalhi,L
Jand,L
Chak Two Hundred Forty-nine Thal Development Authority,L
Dera Bugti,L
Tharu Shah,L
Naushahro Firoz,L
Dajal,L
Daur,L
Bhopalwala,L
Paharpur,L
Bhan,L
Mach,L
Goth Radhan,L
Uthal,L
Kaleke Mandi,L
Jiwani,L
Johi,L
Chhor,L
Mangla,L
Bhawana,L
Shahr Sultan,L
Jhol,L
Sodhri,L
Kalabagh,L
Sinjhoro,L
Kamar Mushani,L
Kallar Kahar,L
Chuhar Jamali,L
Harnoli,L
Sarai Sidhu,L
Choa Saidan Shah,L
Dadhar,L
Darya Khan,L
Daira Din Panah,L
Garhiyasin,L
Madeji,L
Dokri,L
Sobhodero,L
Dalbandin,L
Daulatpur,L
Bhag,L
Rasulnagar,L
Chak,L
Shahpur,L
Tando Bago,L
Baffa,L
Karak,L
Garhi Khairo,L
Lakhi,L
Gadani,L
Surab,L
Rojhan,L
Ormara,L
Chamber,L
Kalaswala,L
Islamkot,L
Liliani,L
Bhiria,L
Mirwah Gorchani,L
Dhaunkal,L
Daultala,L
Diplo,L
Kohlu,L
Harnai,L
Jandiala Sher Khan,L
Daromehar,L
Mankera,L
Sanjwal,L
Miro Khan,L
Gilgit,L
Kot Sultan,L
Khadro,L
Berani,L
Begowala,L
Tangwani,L
Bozdar Wada,L
Jati,L
Rustam,L
Darya Khan Marri,L
Sohbatpur,L
Doaba,L
Mirpur Bhtoro,L
Sann,L
Samaro,L
Barkhan,L
Bandhi,L
Karaundi,L
Mirpur Sakro,L
Adilpur,L
Bagarji,L
Goth Phulji,L
Rajo Khanani,L
Alik Ghund,L
Dinan Bashnoian Wala,L
Jam Sahib,L
Kandiari,L
Kadhan,L
Goth Garelo,L
Nazir Town,L
Khadan Khak,L
Pithoro,L
Duki,L
Nabisar,L
Kario Ghanwar,L
Parachinar,L
Aardvark,A
Albatross,A
Alligator,A
Alpaca,A
Ant,A
Anteater,A
Antelope,A
Ape,A
Armadillo,A
Ass/Donkey,A
Baboon,A
Badger,A
Barracuda,A
Bat,A
Bear,A
Beaver,A
Bee,A
Bison,A
Boar (wild pig),A
Buffalo,A
Galago,A
Butterfly,A
Camel,A
Caterpillar,A
Cattle,A
Caribou,A
Cat,A
Chamois,A
Cheetah,A
Chicken,A
Chimpanzee,A
Chough,A
Clam,A
Cobra,A
Cockroach,A
Cod,A
Cormorant,A
Coyote,A
Crab,A
Crane,A
Crocodile,A
Crow,A
Curlew,A
Deer,A
Dinosaur,A
Dog,A
Dogfish,A
Dolphin,A
Donkey - See Ass,A
Dotterel,A
Dove,A
Dragonfly,A
Duck,A
Also see Mallard,A
Dugong,A
Dunlin,A
Eagle,A
Echidna,A
Eel,A
Eland,A
Elephant,A
Elephant seal,A
Elk (wapiti),A
Emu,A
Falcon,A
Ferret,A
Finch,A
Fish,A
Flamingo,A
Fly,A
Fox,A
Frog,A
Gaur,A
Gazelle,A
Gerbil,A
Giant Panda,A
Giraffe,A
Gnat,A
Gnu,A
Goat,A
Goose,A
Goldfinch,A
Goldfish,A
Gorilla,A
Goshawk,A
Grasshopper,A
Grouse,A
Guanaco,A
Guinea fowl,A
Guinea pig,A
Gull,A
Hamster,A
Hare,A
Hawk,A
Hedgehog,A
Heron,A
Herring,A
Hippopotamus,A
Hornet,A
Horse,A
Human,A
Hummingbird,A
Hyena,A
Jackal,A
Jaguar,A
Jay,A
"Jay, Blue",A
Jellyfish,A
Kangaroo,A
Koala,A
Komodo dragon,A
Kouprey,A
Kudu,A
Lapwing,A
Lark,A
Lemur,A
Leopard,A
Lion,A
Llama,A
Lobster,A
Locust,A
Loris,A
Louse,A
Lyrebird,A
Magpie,A
Mallard,A
Also see Duck,A
Manatee,A
Marten,A
Meerkat,A
Mink,A
Mole,A
Monkey,A
Moose,A
Mouse,A
Mosquito,A
Mule,A
Narwhal,A
Newt,A
Nightingale,A
Okapi,A
Opossum,A
Oryx,A
Ostrich,A
Otter,A
Owl,A
Ox,A
Oyster,A
Panther,A
Parrot,A
Partridge,A
Peafowl,A
Pelican,A
Penguin,A
Pheasant,A
Pig,A
Also see Boar,A
Pigeon,A
Pony- See Horse,A
Porcupine,A
Porpoise,A
Prairie Dog,A
Quail,A
Quelea,A
Rabbit,A
Raccoon,A
Rail,A
Ram,A
Also see Sheep,A
Rat,A
Raven,A
Red deer,A
Red panda,A
Reindeer (caribou),A
Rhinoceros,A
Rook,A
Ruff,A
Salamander,A
Salmon,A
Sand Dollar,A
Sandpiper,A
Sardine,A
Scorpion,A
Sea lion,A
Sea Urchin,A
Seahorse,A
Seal,A
Shark,A
Sheep,A
Also see Ram,A
Shrew,A
Shrimp,A
Skunk,A
Snail,A
Snake,A
Spider,A
Squid,A
Squirrel,A
Starling,A
Stingray,A
Stinkbug,A
Stork,A
Swallow,A
Swan,A
Tarsier,A
Termite,A
Tiger,A
Toad,A
Trout,A
Turkey,A
Turtle,A
Vicua,A
Viper,A
Vulture,A
Wallaby,A
Walrus,A
Wasp,A
Water buffalo,A
Weasel,A
Whale,A
Wolf,A
Wolverine,A
Wombat,A
Woodcock,A
Woodpecker,A
Worm,A
Wren,A
Yak,A
Zebra,A
Afghanistan,L
land Islands,L
Albania,L
Algeria,L
American Samoa,L
Andorra,L
Angola,L
Anguilla,L
Antarctica,L
Antigua and Barbuda,L
Argentina,L
Armenia,L
Aruba,L
Australia,L
Austria,L
Azerbaijan,L
Bahamas,L
Bahrain,L
Bangladesh,L
Barbados,L
Belarus,L
Belgium,L
Belize,L
Benin,L
Bermuda,L
Bhutan,L
Bolivia,L
Bosnia and Herzegovina,L
Botswana,L
Bouvet Island,L
Brazil,L
British Indian Ocean Territory,L
Brunei Darussalam,L
Bulgaria,L
Burkina Faso,L
Burundi,L
Cambodia,L
Cameroon,L
Canada,L
Cape Verde,L
Cayman Islands,L
Central African Republic,L
Chad,L
Chile,L
China,L
Christmas Island,L
Cocos (Keeling) Islands,L
Colombia,L
Comoros,L
Congo,L
"Congo, the Democratic Republic of the",L
Cook Islands,L
Costa Rica,L
Cte d'Ivoire,L
Croatia,L
Cuba,L
Cyprus,L
Czech Republic,L
Denmark,L
Djibouti,L
Dominica,L
Dominican Republic,L
Ecuador,L
Egypt,L
El Salvador,L
Equatorial Guinea,L
Eritrea,L
Estonia,L
Ethiopia,L
Falkland Islands (Malvinas),L
Faroe Islands,L
Fiji,L
Finland,L
France,L
French Guiana,L
French Polynesia,L
French Southern Territories,L
Gabon,L
Gambia,L
Georgia,L
Germany,L
Ghana,L
Gibraltar,L
Greece,L
Greenland,L
Grenada,L
Guadeloupe,L
Guam,L
Guatemala,L
Guernsey,L
Guinea,L
Guinea-Bissau,L
Guyana,L
Haiti,L
Heard Island and McDonald Islands,L
Holy See (Vatican City State),L
Honduras,L
Hong Kong,L
Hungary,L
Iceland,L
India,L
Indonesia,L
Iran,L
Iraq,L
Ireland,L
Isle of Man,L
Israel,L
Italy,L
Jamaica,L
Japan,L
Jersey,L
Jordan,L
Kazakhstan,L
Kenya,L
Kiribati,L
"Korea, Democratic People's Republic of",L
"Korea, Republic of (South Korea)",L
Kuwait,L
Kyrgyzstan,L
Lao People's Democratic Republic,L
Latvia,L
Lebanon,L
Lesotho,L
Liberia,L
Libyan Arab Jamahiriya,L
Liechtenstein,L
Lithuania,L
Luxembourg,L
Macao,L
"Macedonia, the former Yugoslav Republic of",L
Madagascar,L
Malawi,L
Malaysia,L
Maldives,L
Mali,L
Malta,L
Marshall Islands,L
Martinique,L
Mauritania,L
Mauritius,L
Mayotte,L
Mexico,L
"Micronesia, Federated States of",L
"Moldova, Republic of",L
Monaco,L
Mongolia,L
Montenegro,L
Montserrat,L
Morocco,L
Mozambique,L
Myanmar,L
Namibia,L
Nauru,L
Nepal,L
Netherlands,L
Netherlands Antilles,L
New Caledonia,L
New Zealand,L
Nicaragua,L
Niger,L
Nigeria,L
Niue,L
Norfolk Island,L
Northern Mariana Islands,L
Norway,L
Oman,L
Pakistan,L
Palau,L
"Palestinian Territory, Occupied",L
Panama,L
Papua New Guinea,L
Paraguay,L
Peru,L
Philippines,L
Pitcairn,L
Poland,L
Portugal,L
Puerto Rico,L
Qatar,L
Reunion,L
Romania,L
Russia,L
Rwanda,L
Saint Barthlemy,L
"Saint Helena, Ascension and Tristan da Cunha",L
Saint Kitts and Nevis,L
Saint Lucia,L
Saint Martin,L
Saint Pierre and Miquelon,L
Saint Vincent and the Grenadines,L
Samoa,L
San Marino,L
Sao Tome and Principe,L
Saudi Arabia,L
Senegal,L
Serbia,L
Seychelles,L
Sierra Leone,L
Singapore,L
Slovakia,L
Slovenia,L
Solomon Islands,L
Somalia,L
South Africa,L
South Georgia and the South Sandwich Islands,L
Spain,L
Sri Lanka,L
Sudan,L
Suriname,L
Svalbard and Jan Mayen,L
Swaziland,L
Sweden,L
Switzerland,L
Syrian Arab Republic,L
Taiwan,L
Tajikistan,L
"Tanzania, United Republic of",L
Thailand,L
Timor-Leste,L
Togo,L
Tokelau,L
Tonga,L
Trinidad and Tobago,L
Tunisia,L
Turkey,L
Turkmenistan,L
Turks and Caicos,L
Tuvalu,L
Uganda,L
Ukraine,L
United Arab Emirates,L
United Kingdom,L
United States Of America,L
United States Minor Outlying Islands,L
Uruguay,L
Uzbekistan,L
Vanuatu,L
Venezuela,L
Vietnam,L
"Virgin Islands, British",L
"Virgin Islands, U.S.",L
Wallis and Futuna,L
Western Sahara,L
Yemen,L
Zambia,L
Zimbabwe,L
Fur,O
Car,O
Train,O
Window,O
Wheel,O
Wings,O